{"type":"FeatureCollection","name":"土肉桂專區作業單元（橫流溪+烏石坑）","crs":{"type":"name","properties":{"name":"urn:ogc:def:crs:EPSG::3826"}},"features":[{"type":"Feature","properties":{"專區":"橫流溪","承租人":"鄭清標","工作站":"鞍馬山","契約書":"31080201100005","假地號":"4","面積":0.0849,"樹種":"杉木闊葉混淆林","作業區":"4_1_1","編號":14,"坡度":"五級坡","Land_use":"營林區","伐木計畫":null,"造林計畫":null,"撫育計畫":null,"林下經濟":null,"森林育樂":null},"geometry":{"type":"MultiPolygon","coordinates":[[[[240727.50629999954,2679054.2436999995],[240728.38630000036,2679034.183700001],[240693.90629999992,2679022.843699999],[240689.69629999995,2679038.9637],[240704.77630000003,2679047.853700001],[240714.43630000018,2679060.1137000006],[240727.50629999954,2679054.2436999995]]]]}},{"type":"Feature","properties":{"專區":"橫流溪","承租人":"陳麒元","工作站":"鞍馬山","契約書":"31080201100010","假地號":"14","面積":0.5432,"樹種":"闊葉林","作業區":"14_1_1","編號":35,"坡度":"三~五級坡","Land_use":"營林區","伐木計畫":null,"造林計畫":null,"撫育計畫":null,"林下經濟":null,"森林育樂":null},"geometry":{"type":"MultiPolygon","coordinates":[[[[240774.56132916216,2679154.4674069635],[240770.49960191303,2679156.0692578456],[240757.1142591786,2679169.113761156],[240757.11831690522,2679175.3418315565],[240759.34269999992,2679175.3419000003],[240766.2525000004,2679177.3422999997],[240774.75229999982,2679179.342700001],[240779.75210000016,2679180.3429000005],[240783.25210000016,2679181.3431],[240787.16189999972,2679183.3433],[240791.16189999972,2679185.3434999995],[240799.05150000006,2679190.3439000007],[240805.45129999984,2679193.3443],[240808.79870000016,2679195.9263000004],[240809.34109999985,2679196.3446999993],[240812.34090000018,2679198.344900001],[240816.75090000033,2679200.3451000005],[240821.75069999974,2679203.3453],[240822.45069999993,2679203.3453],[240827.66050000023,2679206.3456999995],[240835.05009999964,2679210.3461000007],[240844.94990000036,2679214.3466999996],[240855.33949999977,2679219.3473000005],[240880.6492999997,2679233.0921],[240890.99149999954,2679228.1465000007],[240891.2248999998,2679212.4564999994],[240884.19749999978,2679192.6731000002],[240886.94830000028,2679173.6714999992],[240848.39290000033,2679153.595899999],[240842.30269999988,2679164.1865],[240792.4578999998,2679159.621099999],[240774.05730000045,2679155.137700001],[240774.56132916216,2679154.4674069635]]]]}},{"type":"Feature","properties":{"專區":"橫流溪","承租人":"鄭清標","工作站":"鞍馬山","契約書":"31080201100005","假地號":"5","面積":0.2736,"樹種":"闊葉林","作業區":"5_1_1","編號":15,"坡度":"三級坡","Land_use":"營林區","伐木計畫":null,"造林計畫":null,"撫育計畫":null,"林下經濟":null,"森林育樂":null},"geometry":{"type":"MultiPolygon","coordinates":[[[[240631.94680929463,2679001.296866284],[240631.9468092946,2679001.296866284],[240632.03421642346,2679000.524928326],[240635.57249999978,2678969.2764999997],[240608.37039839133,2678950.631876402],[240582.3016999994,2678932.7641000007],[240566.01070000045,2678945.3729],[240573.2207000004,2678962.6459],[240580.50270000007,2678982.0939000007],[240601.15529999975,2678987.1283],[240618.65089999977,2679008.9803],[240631.89250000007,2679001.7764999997],[240631.94680929463,2679001.296866284]]]]}},{"type":"Feature","properties":{"專區":"橫流溪","承租人":"張碧城","工作站":"鞍馬山","契約書":"31080201100008","假地號":"1","面積":0.2804,"樹種":"孟宗竹純林","作業區":"1_1_5","編號":7,"坡度":"四~五級坡","Land_use":"營林區","伐木計畫":null,"造林計畫":null,"撫育計畫":null,"林下經濟":null,"森林育樂":null},"geometry":{"type":"MultiPolygon","coordinates":[[[[240515.82520930917,2678888.57141024],[240519.05205975418,2678900.9012368256],[240535.30009988038,2678907.125009299],[240554.25213513908,2678908.3876423473],[240573.7622658879,2678891.79623989],[240573.88020425965,2678891.5353062],[240585.99847261157,2678864.724146818],[240572.30940006528,2678849.7134196674],[240571.59929738432,2678847.010067301],[240547.06549999956,2678852.059699999],[240528.20150000043,2678868.6739000008],[240515.82520930917,2678888.57141024]]]]}},{"type":"Feature","properties":{"專區":"橫流溪","承租人":"鄭清標","工作站":"鞍馬山","契約書":"31080201100005","假地號":"3","面積":1.0115,"樹種":"闊葉林","作業區":"3_3_1","編號":10,"坡度":"六級坡","Land_use":"生態保育區","伐木計畫":null,"造林計畫":null,"撫育計畫":null,"林下經濟":null,"森林育樂":null},"geometry":{"type":"MultiPolygon","coordinates":[[[[240886.83615123745,2679174.446185884],[240890.5552420426,2679171.294541698],[240903.12698809616,2679130.6533569437],[240888.73670000024,2679132.4990999997],[240857.64609999955,2679103.558700001],[240850.50050000008,2679082.1198999994],[240833.6853,2679079.927100001],[240779.19930000044,2679052.353700001],[240764.52049999963,2679062.468699999],[240765.74450000003,2679075.5417],[240752.9227,2679112.6805000007],[240778.97429999989,2679137.2634999994],[240779.48489999957,2679147.9197000004],[240774.05730000045,2679155.137700001],[240792.4578999998,2679159.621099999],[240842.30269999988,2679164.1865],[240848.39290000033,2679153.595899999],[240886.94830000028,2679173.6714999992],[240886.83615123745,2679174.446185884]]]]}},{"type":"Feature","properties":{"專區":"橫流溪","承租人":"鄭清標","工作站":"鞍馬山","契約書":"31080201100005","假地號":"7","面積":0.7747,"樹種":"杉木闊葉混淆林","作業區":"7_1_2","編號":24,"坡度":"二~三級坡","Land_use":"營林區","伐木計畫":null,"造林計畫":null,"撫育計畫":null,"林下經濟":null,"森林育樂":null},"geometry":{"type":"MultiPolygon","coordinates":[[[[240360.8165018887,2678724.68505962],[240398.88779692893,2678729.1392414547],[240448.4784704432,2678738.867207523],[240449.00000000093,2678733],[240464.00000000186,2678728.000000002],[240443,2678683],[240458.00000000093,2678655],[240448,2678632],[240427.00000000093,2678617.000000002],[240376.00000000093,2678668.000000002],[240360.8165018887,2678724.68505962]]]]}},{"type":"Feature","properties":{"專區":"橫流溪","承租人":"鄭清標","工作站":"鞍馬山","契約書":"31080201100005","假地號":"2","面積":1.9226,"樹種":"杉木闊葉混淆林","作業區":"2_1_1","編號":11,"坡度":"三~五級坡","Land_use":"營林區","伐木計畫":null,"造林計畫":null,"撫育計畫":null,"林下經濟":null,"森林育樂":null},"geometry":{"type":"MultiPolygon","coordinates":[[[[240689.16390000004,2679182.3397000004],[240689.16390000004,2679182.3397000004],[240661.44469999988,2679106.4013],[240627.6196999997,2679092.2032999992],[240594.53870000038,2679092.6401000004],[240564.3914999999,2679091.6953],[240544.3677000003,2679085.0122999996],[240532.23670000024,2679082.3752999995],[240527.10649999976,2679088.0067],[240519.56170000043,2679094.2411],[240504.4581000004,2679103.5352999996],[240504.07330000028,2679120.2773],[240496.42519519723,2679138.3163011656],[240495.79609999992,2679139.8001000006],[240521.8529000003,2679167.7722999994],[240538.35470000003,2679212.9806999993],[240574.45469999965,2679230.3375000004],[240580.45490000024,2679226.3375000004],[240583.55489999987,2679223.3375000004],[240588.55489999987,2679220.3375000004],[240593.55489999987,2679219.3377],[240597.05489999987,2679218.3377],[240607.16469999962,2679215.3378999997],[240612.66469999962,2679213.3380999994],[240618.66449999996,2679213.338300001],[240626.16449999996,2679211.3385000005],[240630.25430000015,2679210.3387],[240635.75430000015,2679209.3387],[240641.75430000015,2679206.3389],[240648.75409999955,2679203.3389],[240655.84410000034,2679199.3390999995],[240661.34410000034,2679197.339299999],[240671.45409999974,2679192.339299999],[240671.95409999974,2679192.339299999],[240689.16390000004,2679182.3397000004]]]]}},{"type":"Feature","properties":{"專區":"橫流溪","承租人":"鄭清標","工作站":"鞍馬山","契約書":"31080201100005","假地號":"6","面積":0.0864,"樹種":"桂竹純林","作業區":"6_1_2","編號":17,"坡度":"四級坡","Land_use":"營林區","伐木計畫":null,"造林計畫":null,"撫育計畫":null,"林下經濟":null,"森林育樂":null},"geometry":{"type":"MultiPolygon","coordinates":[[[[240543.99852725657,2678828.4142468376],[240543.51220769883,2678828.6197958468],[240524.56839212222,2678839.8264664114],[240518.45388142258,2678858.676180616],[240514.19498343248,2678882.342301486],[240515.82520930917,2678888.57141024],[240528.20150000043,2678868.6739000008],[240547.06549999956,2678852.059699999],[240543.99852725657,2678828.4142468376]]]]}},{"type":"Feature","properties":{"專區":"橫流溪","承租人":"陳世允","工作站":"鞍馬山","契約書":"31080201100007","假地號":"8","面積":1.6755,"樹種":"臺灣杉闊葉混淆林","作業區":"8_3_2","編號":18,"坡度":"二~三級坡","Land_use":"生態保育區","伐木計畫":"112年實施伐木及整地作業","造林計畫":"113年實施造林作業","撫育計畫":"113年~116年實施撫育作業","林下經濟":null,"森林育樂":null},"geometry":{"type":"MultiPolygon","coordinates":[[[[240371.22988660863,2678902.70329212],[240359.02248787894,2678901.401993884],[240350.91273482153,2678894.8528318796],[240344.1539583281,2678888.450051128],[240338.88631387177,2678889.6320055104],[240329.0209473528,2678883.8941799384],[240302.36872057634,2678876.414277996],[240302.3596999999,2678877.313100001],[240302.76950000133,2678886.3135],[240302.67929999996,2678895.3139000013],[240303.46889999975,2678909.3145000003],[240304.8585000001,2678923.3150999993],[240306.67810000014,2678936.3157],[240306.56790000107,2678945.3161000013],[240306.96750000026,2678957.3165000025],[240306.7673000004,2678967.3169000037],[240307.6769000003,2678981.317500001],[240308.46650000196,2678997.3183000013],[240307.7659,2679018.3191],[240307.67569999956,2679022.3192999996],[240307.67569999956,2679025.3192999996],[240306.56550000142,2679030.319500003],[240305.46549999993,2679036.3197000027],[240301.85530000087,2679044.3199000005],[240298.35530000087,2679051.3201],[240291.67510000058,2679062.3203],[240288.06489999965,2679069.3203],[240283.96470000036,2679078.3205000013],[240280.35450000037,2679089.3209000044],[240277.264299999,2679098.3211000003],[240273.67410000134,2679108.3214999996],[240270.4639000008,2679120.321700003],[240269.85369999986,2679128.3221000005],[240270.35350000113,2679135.3223],[240273.76310000103,2679145.322899999],[240276.17290000152,2679152.323300002],[240279.06269999966,2679161.3236999996],[240282.46250000224,2679167.324100001],[240286.35209999979,2679176.3247000016],[240290.2617000006,2679184.325099999],[240298.06110000052,2679201.3260999992],[240301.4609000003,2679208.3265000023],[240304.85070000123,2679217.3268999998],[240305.76030000113,2679226.327300001],[240306.17009999976,2679234.327700002],[240305.66990000103,2679239.3279],[240304.5599000007,2679246.3280999996],[240302.95969999954,2679252.328300001],[240300.4595000008,2679258.3285000008],[240297.84950000048,2679264.3285000026],[240293.75930000003,2679271.3287000023],[240292.95930000022,2679271.3287000023],[240294.05930000078,2679272.3287000004],[240295.95930000022,2679274.328900002],[240298.45909999963,2679276.3290999997],[240301.34910000023,2679279.3292999994],[240302.99909999967,2679280.979700001],[240303.58590000123,2679280.3695],[240316.00997326398,2679267.3412804753],[240317.1731663298,2679257.7172968923],[240323.7025187371,2679221.014453406],[240332.06319046405,2679153.421128407],[240334.61744595593,2679137.974791723],[240333.61114918845,2679124.939658389],[240331.29126452946,2679120.851316139],[240327.90477283433,2679114.8832879346],[240323.62259334922,2679103.834083564],[240321.19343134304,2679093.7754660803],[240321.3260596945,2679079.3225745074],[240327.87202532144,2679066.849015311],[240335.9848950494,2679053.665908682],[240338.38825675572,2679050.7407824355],[240338.5475680523,2679050.546885007],[240338.113540212,2679040.911952495],[240341.09895558748,2679030.8496011165],[240347.6470819112,2679021.4932928886],[240350.77499725902,2679011.4308330324],[240355.75546907913,2679001.6504973406],[240357.0221738333,2678978.5533384457],[240359.99808465876,2678954.463113096],[240363.5466600211,2678934.3399371835],[240369.65419978547,2678905.571548731],[240371.22988660863,2678902.70329212]]]]}},{"type":"Feature","properties":{"專區":"橫流溪","承租人":"陳璽元","工作站":"鞍馬山","契約書":"31080201100009","假地號":"15","面積":0.0904,"樹種":"麻竹","作業區":"15_3_2","編號":42,"坡度":"六級坡","Land_use":"生態保育區","伐木計畫":null,"造林計畫":null,"撫育計畫":null,"林下經濟":null,"森林育樂":null},"geometry":{"type":"MultiPolygon","coordinates":[[[[240840.16395772278,2678986.305397721],[240840.92114203464,2678985.512228692],[240849.48787999823,2678990.9871777585],[240857.06090490406,2678995.1095681787],[240861.9632866585,2678995.512371045],[240862.45316744826,2678985.363024345],[240859.96545667556,2678976.636460034],[240860.33249618148,2678968.4493385972],[240857.47338291263,2678961.1438784567],[240856.22727861023,2678953.296097668],[240854.91990558102,2678946.6662402265],[240848.15602295435,2678946.399960786],[240841.4572497268,2678950.869856884],[240837.30376231874,2678957.0972775314],[240833.65639428934,2678960.9822960724],[240839.70199049314,2678973.522121974],[240840.16395772278,2678986.305397721]]]]}},{"type":"Feature","properties":{"專區":"橫流溪","承租人":"張碧城","工作站":"鞍馬山","契約書":"31080201100008","假地號":"1","面積":0.5039,"樹種":"孟宗竹純林","作業區":"1_1_3","編號":5,"坡度":"三~四級坡","Land_use":"營林區","伐木計畫":null,"造林計畫":null,"撫育計畫":"115年實施竹林撫育作業","林下經濟":null,"森林育樂":null},"geometry":{"type":"MultiPolygon","coordinates":[[[[240580.93215270856,2679092.2136767874],[240585.64417479027,2679082.3682581005],[240593.47464621312,2679072.7278581914],[240607.5762193632,2679065.492106816],[240593.31938077864,2679053.4575299085],[240581.91408060855,2679044.1132603097],[240566.66081302718,2679033.6379946764],[240554.25758503363,2679023.585924131],[240542.28605715415,2679019.9098358597],[240531.59635689505,2679015.3827323024],[240520.48050798586,2679012.8396480596],[240506.37598719617,2679015.6829757593],[240499.11350622628,2679022.3474922995],[240498.83517065836,2679032.2663080445],[240504.6860336566,2679045.439987945],[240516.5252904364,2679064.419122942],[240526.5076254402,2679076.598161605],[240530.96769087636,2679083.768286234],[240532.23670000024,2679082.3752999995],[240544.3677000003,2679085.0122999996],[240564.3914999999,2679091.6953],[240580.93215270856,2679092.2136767874]]]]}},{"type":"Feature","properties":{"專區":"橫流溪","承租人":"陳麒元","工作站":"鞍馬山","契約書":"31080201100010","假地號":"14","面積":0.7691,"樹種":"孟宗竹純林","作業區":"14_1_2","編號":34,"坡度":"三~五級坡","Land_use":"營林區","伐木計畫":"114年實施伐木及整地作業","造林計畫":"114年實施造林作業","撫育計畫":"114年~116年實施撫育作業","林下經濟":null,"森林育樂":null},"geometry":{"type":"MultiPolygon","coordinates":[[[[240753.32404056005,2679111.5180027857],[240742.24415142642,2679090.341769735],[240714.02572267302,2679081.5751764537],[240694.08738942986,2679096.8912018808],[240670.15141986625,2679100.024190576],[240661.91525352615,2679107.6904094224],[240689.16390000004,2679182.3397000004],[240698.7538999999,2679179.3399],[240703.2538999999,2679177.3399],[240706.25370000023,2679176.3400999997],[240710.75370000023,2679176.3400999997],[240718.25349999964,2679176.340500001],[240734.25329999998,2679175.3411],[240746.34289999958,2679175.341499999],[240757.11831690522,2679175.3418315565],[240757.1142591786,2679169.113761156],[240770.49960191303,2679156.0692578456],[240774.56132916216,2679154.4674069635],[240779.48489999957,2679147.9197000004],[240778.97429999989,2679137.2634999994],[240752.9227,2679112.6805000007],[240753.32404056005,2679111.5180027857]]]]}},{"type":"Feature","properties":{"專區":"橫流溪","承租人":"陳麒元","工作站":"鞍馬山","契約書":"31080201100010","假地號":"14","面積":1.7834,"樹種":"孟宗竹闊葉混淆林","作業區":"14_3_1","編號":23,"坡度":"六級坡","Land_use":"生態保育區","伐木計畫":null,"造林計畫":null,"撫育計畫":null,"林下經濟":null,"森林育樂":null},"geometry":{"type":"MultiPolygon","coordinates":[[[[240903.12698809616,2679130.6533569437],[240903.4210193697,2679129.702830321],[240898.43730000034,2679077.9804999996],[240915.33409999963,2679055.297700001],[240855.8794999998,2679040.8583000004],[240759.1180999996,2679009.5814999994],[240692.90189999994,2678975.6477000006],[240670.6974780421,2679015.291733503],[240627.6196999997,2679092.2032999992],[240661.44469999988,2679106.4013],[240661.91525352615,2679107.6904094224],[240670.15141986625,2679100.024190576],[240694.08738942986,2679096.8912018808],[240714.02572267302,2679081.5751764537],[240742.24415142642,2679090.341769735],[240753.32404056005,2679111.5180027857],[240765.74450000003,2679075.5417],[240764.52049999963,2679062.468699999],[240779.19930000044,2679052.353700001],[240833.6853,2679079.927100001],[240850.50050000008,2679082.1198999994],[240857.64609999955,2679103.558700001],[240888.73670000024,2679132.4990999997],[240903.12698809616,2679130.6533569437]],[[240714.43630000018,2679060.1137000006],[240704.77630000003,2679047.853700001],[240689.69629999995,2679038.9637],[240693.90629999992,2679022.843699999],[240728.38630000036,2679034.183700001],[240727.50629999954,2679054.2436999995],[240714.43630000018,2679060.1137000006]]]]}},{"type":"Feature","properties":{"專區":"橫流溪","承租人":"張碧城","工作站":"鞍馬山","契約書":"31080201100008","假地號":"1","面積":1.0793,"樹種":"闊葉林","作業區":"1_3_2","編號":9,"坡度":"六級坡","Land_use":"生態保育區","伐木計畫":null,"造林計畫":null,"撫育計畫":null,"林下經濟":null,"森林育樂":null},"geometry":{"type":"MultiPolygon","coordinates":[[[[240692.78993318658,2678814.5082421335],[240703.59907234562,2678825.9634640208],[240740.3688530603,2678836.8500605943],[240764.03164525726,2678851.14598459],[240757.63433292578,2678873.821561654],[240752.6528006054,2678882.468273656],[240758.88040777703,2678890.027326111],[240781.27869999968,2678888.9219000004],[240857.67250000034,2678776.3292999994],[240854.67250000034,2678776.3292999994],[240839.6727,2678776.3287000004],[240831.17289999966,2678775.3282999992],[240817.67310000025,2678774.3279],[240812.1732999999,2678774.3277000003],[240807.26350000035,2678773.327299999],[240802.26350000035,2678771.3270999994],[240798.7637,2678769.3268999998],[240792.85390000045,2678764.3265000004],[240787.46410000045,2678760.326300001],[240778.17449999973,2678753.3257],[240769.76470000017,2678748.3253000006],[240769.68489999976,2678748.2788999993],[240722.53170000017,2678788.8923000004],[240692.78993318658,2678814.5082421335]]]]}},{"type":"Feature","properties":{"專區":"橫流溪","承租人":"張碧城","工作站":"鞍馬山","契約書":"31080201100008","假地號":"1","面積":0.8368,"樹種":"孟宗竹純林","作業區":"1_3_1","編號":8,"坡度":"五~六級坡","Land_use":"生態保育區","伐木計畫":null,"造林計畫":null,"撫育計畫":null,"林下經濟":null,"森林育樂":null},"geometry":{"type":"MultiPolygon","coordinates":[[[[240758.88040777703,2678890.027326111],[240752.6528006054,2678882.468273656],[240757.63433292578,2678873.821561654],[240764.03164525726,2678851.14598459],[240740.3688530603,2678836.8500605943],[240703.59907234562,2678825.9634640208],[240692.78993318658,2678814.5082421335],[240681.25910000037,2678824.4395000003],[240642.1155789781,2678832.4601050857],[240636.0744956816,2678833.8833969617],[240637.63521373956,2678840.3181949086],[240642.77450726705,2678854.9095413787],[240651.90277732618,2678868.36467602],[240665.4471129808,2678880.116544103],[240676.4286497906,2678894.987411665],[240691.1146270458,2678909.4307536683],[240701.6659514847,2678920.1927161664],[240714.92354756227,2678929.394254849],[240724.93035367067,2678932.523805173],[240726.23638986764,2678930.7699627453],[240737.8457000004,2678915.1799],[240736.25930000003,2678896.2754999995],[240747.32930000033,2678891.2489],[240756.22429999989,2678897.9185000006],[240758.1514999997,2678890.0633000005],[240758.88040777703,2678890.027326111]]]]}},{"type":"Feature","properties":{"專區":"橫流溪","承租人":"張碧城","工作站":"鞍馬山","契約書":"31080201100008","假地號":"1","面積":1.6555,"樹種":"闊葉林","作業區":"1_1_4","編號":43,"坡度":"三~五級坡","Land_use":"營林區","伐木計畫":null,"造林計畫":null,"撫育計畫":null,"林下經濟":null,"森林育樂":null},"geometry":{"type":"MultiPolygon","coordinates":[[[[240670.6974780421,2679015.291733503],[240667.43481770586,2679012.7725461805],[240654.32699440912,2679006.15285126],[240641.2211021014,2679002.4790886156],[240631.94680929463,2679001.296866284],[240631.89250000007,2679001.7764999997],[240618.65089999977,2679008.9803],[240601.15529999975,2678987.1283],[240580.50270000007,2678982.0939000007],[240573.2207000004,2678962.6459],[240566.01070000045,2678945.3729],[240582.3016999994,2678932.7641000007],[240582.30169999905,2678932.7641000003],[240573.88020425965,2678891.5353062],[240573.7622658879,2678891.79623989],[240554.25213513908,2678908.3876423473],[240535.30009988038,2678907.125009299],[240519.05205975418,2678900.9012368256],[240515.82520930917,2678888.57141024],[240511.5831000004,2678895.3915],[240470.63862878134,2679027.3522338476],[240476.24626225978,2679025.692650467],[240486.7862628575,2679019.4510100125],[240499.0806833898,2679023.517172731],[240499.11350622628,2679022.3474922995],[240506.37598719617,2679015.6829757593],[240520.48050798586,2679012.8396480596],[240531.59635689505,2679015.3827323024],[240542.28605715415,2679019.9098358597],[240554.25758503363,2679023.585924131],[240566.66081302718,2679033.6379946764],[240581.91408060855,2679044.1132603097],[240593.31938077864,2679053.4575299085],[240607.5762193632,2679065.492106816],[240593.47464621312,2679072.7278581914],[240585.64417479027,2679082.3682581005],[240580.93215270856,2679092.2136767874],[240594.53870000038,2679092.6401000004],[240627.6196999997,2679092.2032999992],[240670.6974780421,2679015.291733503]]]]}},{"type":"Feature","properties":{"專區":"橫流溪","承租人":"鄭清標","工作站":"鞍馬山","契約書":"31080201100005","假地號":"6","面積":0.3024,"樹種":"闊葉林","作業區":"6_1_1","編號":16,"坡度":"三~四級坡","Land_use":"營林區","伐木計畫":null,"造林計畫":null,"撫育計畫":null,"林下經濟":null,"森林育樂":null},"geometry":{"type":"MultiPolygon","coordinates":[[[[240515.82520930917,2678888.57141024],[240514.19498343248,2678882.342301486],[240518.45388142258,2678858.676180616],[240524.56839212222,2678839.8264664114],[240543.51220769883,2678828.6197958468],[240543.99852725657,2678828.4142468376],[240543.95349999983,2678828.0670999996],[240506.08110000007,2678823.6944999993],[240497.30009999964,2678837.3695],[240474.99710000027,2678837.6103000008],[240465.89070000034,2678846.5540999994],[240463.05907840238,2678875.237041942],[240463.01989999972,2678875.6339],[240511.5831000004,2678895.3915],[240515.82520930917,2678888.57141024]]]]}},{"type":"Feature","properties":{"專區":"橫流溪","承租人":"鄭清標","工作站":"鞍馬山","契約書":"31080201100005","假地號":"3","面積":1.3872,"樹種":"杉木闊葉混淆林","作業區":"3_1_2","編號":12,"坡度":"三~五級坡","Land_use":"營林區","伐木計畫":null,"造林計畫":null,"撫育計畫":null,"林下經濟":null,"森林育樂":null},"geometry":{"type":"MultiPolygon","coordinates":[[[[240999.28764417258,2679256.2841738323],[241000.60607406832,2679250.8556950353],[241021.34587296355,2679166.208998173],[240979.91750000045,2679146.4251000006],[240903.50789999962,2679130.6044999994],[240903.12698809616,2679130.6533569437],[240890.5552420426,2679171.294541698],[240886.83615123745,2679174.446185884],[240884.19749999978,2679192.6731000002],[240891.2248999998,2679212.4564999994],[240890.99149999954,2679228.1465000007],[240880.6492999997,2679233.0921],[240945.0878999997,2679268.0863000005],[240999.27529999986,2679256.2759000007],[240999.28764417258,2679256.2841738323]]]]}},{"type":"Feature","properties":{"專區":"橫流溪","承租人":"鄭清標","工作站":"鞍馬山","契約書":"31080201100005","假地號":"3","面積":1.3736,"樹種":"杉木闊葉混淆林","作業區":"3_3_2","編號":13,"坡度":"六級坡","Land_use":"生態保育區","伐木計畫":null,"造林計畫":null,"撫育計畫":null,"林下經濟":null,"森林育樂":null},"geometry":{"type":"MultiPolygon","coordinates":[[[[241021.34587296355,2679166.208998173],[241000.60607406832,2679250.8556950353],[240999.28764417258,2679256.2841738323],[241068.88150000013,2679302.930299999],[241103.84949999955,2679314.8519],[241133.3158999998,2679305.6098999996],[241138.99069999997,2679229.900699999],[241139.57969999965,2679217.5413000006],[241126.00009999983,2679206.5124999993],[241113.33669999987,2679201.747300001],[241103.78089999966,2679201.178099999],[241100.53610000014,2679198.7414999995],[241083.25789999962,2679196.1876999997],[241061.63970000017,2679185.4510999992],[241021.34587296355,2679166.208998173]]]]}},{"type":"Feature","properties":{"專區":"橫流溪","承租人":"陳璽元","工作站":"鞍馬山","契約書":"31080201100009","假地號":"15","面積":0.1507,"樹種":"淨水池設施用地","作業區":"15_2_2","編號":38,"坡度":"六級坡","Land_use":"育樂區","伐木計畫":null,"造林計畫":null,"撫育計畫":null,"林下經濟":null,"森林育樂":"森林療癒及環境教育場域"},"geometry":{"type":"MultiPolygon","coordinates":[[[[240721.2085921024,2678937.521757791],[240725.08090058542,2678940.5280715777],[240733.54193837306,2678941.3321789373],[240741.1123713011,2678946.342984648],[240748.81265039527,2678950.2533608098],[240758.68108993085,2678953.494619497],[240768.17672670714,2678955.9918653388],[240776.18301654406,2678958.35476529],[240781.1487846171,2678960.787305271],[240785.990050927,2678962.6109859818],[240794.98877555897,2678964.3643101933],[240803.36622953718,2678964.967819284],[240810.19097324717,2678963.4072123445],[240810.1885628724,2678959.685902545],[240805.52929019262,2678951.4343760717],[240801.8645609523,2678945.820954396],[240797.45625331346,2678941.831860891],[240789.2010892859,2678938.4542074483],[240779.20920110648,2678936.2279108823],[240772.2585386227,2678935.0145461196],[240750.04368416074,2678934.8936913833],[240741.97678120644,2678934.763632515],[240731.9228304578,2678932.537409718],[240726.23638986764,2678930.7699627453],[240721.2085921024,2678937.521757791]]]]}},{"type":"Feature","properties":{"專區":"橫流溪","承租人":"張碧城","工作站":"鞍馬山","契約書":"31080201100008","假地號":"1","面積":0.2674,"樹種":"孟宗竹純林","作業區":"1_2_4","編號":3,"坡度":"二~三級坡","Land_use":"育樂區","伐木計畫":null,"造林計畫":null,"撫育計畫":"112年實施撫育作業","林下經濟":null,"森林育樂":"森林療癒及環境教育場域"},"geometry":{"type":"MultiPolygon","coordinates":[[[[240452.07328902552,2679311.92938342],[240466.4641905829,2679311.6363209514],[240475.57540255564,2679299.8697683355],[240471.14757606445,2679283.8615353024],[240464.29651667544,2679266.4379910235],[240456.5918548687,2679250.9986981377],[240449.88811343626,2679240.8013460115],[240442.9002477431,2679231.8794154082],[240432.492590813,2679222.8180958387],[240421.802338152,2679217.2992901616],[240410.26050711249,2679216.7403162043],[240409.54835939294,2679217.1658761296],[240452.07328902552,2679311.92938342]]]]}},{"type":"Feature","properties":{"專區":"橫流溪","承租人":"張碧城","工作站":"鞍馬山","契約書":"31080201100008","假地號":"1","面積":1.0148,"樹種":"臺灣肖楠","作業區":"1_1_2","編號":4,"坡度":"三~五級坡","Land_use":"營林區","伐木計畫":null,"造林計畫":null,"撫育計畫":null,"林下經濟":null,"森林育樂":null},"geometry":{"type":"MultiPolygon","coordinates":[[[[240496.42519519723,2679138.3163011656],[240496.4251943626,2679138.3163010543],[240484.9060321858,2679138.5233038533],[240469.01211215527,2679125.5432092813],[240460.81147546117,2679110.934112226],[240448.41595161057,2679098.974132976],[240434.8378999997,2679142.7350999992],[240434.47705563623,2679143.1134911664],[240440.78127066462,2679153.3474561386],[240462.16375418578,2679167.2190170237],[240482.1397643644,2679208.5799920354],[240486.72310610843,2679244.000102881],[240495.58462426797,2679284.8015638716],[240504.32677103212,2679311.4653538167],[240505.45409999974,2679310.3380999994],[240509.45409999974,2679306.3380999994],[240513.0541000003,2679302.3380999994],[240517.6640999997,2679295.3378999997],[240522.25430000015,2679289.3378999997],[240528.84449999966,2679278.3377],[240534.4545,2679270.3375000004],[240540.05449999962,2679263.3375000004],[240544.0547000002,2679258.3375000004],[240547.66469999962,2679254.3373000007],[240560.2547000004,2679243.3375000004],[240568.34470000025,2679235.3373000007],[240574.45469999965,2679230.3375000004],[240538.35470000003,2679212.9806999993],[240521.8529000003,2679167.7722999994],[240495.79609999992,2679139.8001000006],[240496.42519519723,2679138.3163011656]]]]}},{"type":"Feature","properties":{"專區":"橫流溪","承租人":"陳世允","工作站":"鞍馬山","契約書":"31080201100007","假地號":"16","面積":1.898,"樹種":"臺灣杉闊葉混淆林","作業區":"16_3_1","編號":33,"坡度":"四~六級坡","Land_use":"生態保育區","伐木計畫":null,"造林計畫":null,"撫育計畫":null,"林下經濟":null,"森林育樂":null},"geometry":{"type":"MultiPolygon","coordinates":[[[[240473.95111438175,2678650.5100618615],[240477.36270846773,2678672.265488258],[240478.2252701718,2678683.6007618965],[240481.36979781307,2678698.051851043],[240495.05569554176,2678707.9615303506],[240506.17709692905,2678718.439722582],[240510.1816572076,2678740.54187645],[240518.9590719007,2678751.6485081357],[240519.4722972787,2678752.2833062517],[240519.78463077333,2678752.3940067305],[240520.448833648,2678752.631222043],[240534.5404114841,2678757.7096064813],[240547.82249218397,2678762.4420519574],[240572.44544164214,2678771.6934491526],[240593.24131738686,2678773.1641840916],[240600.927093518,2678771.26646159],[240601.05360835145,2678771.298090298],[240611.2380524429,2678772.6897534663],[240621.01132332574,2678775.662852051],[240629.96224779123,2678783.9812023495],[240633.5679205441,2678791.7381430743],[240635.63564735223,2678799.62159863],[240635.99542391073,2678801.076519217],[240636.58846219245,2678804.43706948],[240636.88102774476,2678806.2557202103],[240637.2922009534,2678808.5092656813],[240637.5926736828,2678810.5967604327],[240638.23315502712,2678814.4080197904],[240638.57316364194,2678820.2514236593],[240639.01596555897,2678829.1707194163],[240639.2057378091,2678833.092679253],[240636.25734915325,2678833.7361257896],[240681.23831441844,2678824.475833023],[240681.2591000013,2678824.439500002],[240722.6196999997,2678788.8165000025],[240721.94930000044,2678772.329500003],[240704.62069999985,2678771.037100002],[240697.4969000006,2678754.091900002],[240703.70950000174,2678746.4804999996],[240707.6211000001,2678740.2431000024],[240713.5828999998,2678744.1731000002],[240711.58110000007,2678750.0363],[240714.70529999956,2678761.786699999],[240721.49890000094,2678762.4749000017],[240728.33250000142,2678751.9661000017],[240728.64389999956,2678747.4009000026],[240734.66310000047,2678745.637100002],[240735.8047000002,2678748.4385],[240745.04110000096,2678748.7497000024],[240746.90909999888,2678752.6922999974],[240758.32749999966,2678741.694100002],[240755.96530000027,2678740.3245],[240747.5655000005,2678736.324100001],[240741.06570000015,2678734.3236999996],[240728.67610000074,2678729.3231000025],[240721.67610000074,2678728.322899999],[240713.76630000118,2678727.3225000016],[240697.76669999957,2678726.3219000027],[240684.76690000016,2678725.3214999996],[240671.56730000116,2678723.3209000025],[240669.8573000012,2678723.3209000025],[240657.85750000086,2678721.3203000017],[240646.46789999958,2678718.3199000023],[240640.9679000005,2678717.3197000027],[240634.9681000011,2678716.3193000015],[240627.46829999983,2678715.319100002],[240623.96829999983,2678715.318900002],[240621.96829999983,2678715.318900002],[240619.46850000136,2678715.3187000025],[240612.46850000136,2678713.318500001],[240608.96870000102,2678712.318300003],[240604.06890000124,2678711.3181],[240598.56890000217,2678709.317900002],[240590.56930000056,2678704.317300001],[240582.56950000022,2678701.3170999996],[240573.17950000148,2678695.3167000003],[240558.76990000065,2678689.3160999995],[240553.7701000003,2678685.3159],[240548.77029999997,2678682.3155000005],[240545.77029999904,2678681.3155000005],[240539.86050000135,2678678.315100001],[240534.36050000228,2678677.3149000034],[240530.36070000008,2678675.314700002],[240519.97109999973,2678670.314099999],[240513.47109999973,2678668.3139000013],[240508.97130000126,2678666.3137],[240500.47150000092,2678663.3133000005],[240496.47169999965,2678662.313100001],[240486.07189999986,2678658.3125000037],[240481.0721000014,2678655.312300002],[240478.2720999997,2678653.3123000003],[240475.57230000012,2678651.3121000044],[240475.27230000123,2678651.3121000044],[240473.95111438175,2678650.5100618615]]]]}},{"type":"Feature","properties":{"專區":"橫流溪","承租人":"陳世允","工作站":"鞍馬山","契約書":"31080201100007","假地號":"8","面積":0.2544,"樹種":"土肉桂","作業區":"8_1_1","編號":26,"坡度":"三~四級坡","Land_use":"營林區","伐木計畫":null,"造林計畫":null,"撫育計畫":"113年~116年實施撫育作業","林下經濟":null,"森林育樂":null},"geometry":{"type":"MultiPolygon","coordinates":[[[[240331.29126452946,2679120.851316139],[240335.53501391236,2679119.5779187423],[240342.73258715172,2679118.964075369],[240350.1618682806,2679118.263597271],[240352.7219007819,2679110.63478764],[240375.99588579853,2679064.817818398],[240372.16798648928,2679061.297557005],[240369.62059881623,2679056.4954101425],[240362.23573397362,2679055.4855215857],[240357.51877799956,2679054.0002018055],[240352.1801976517,2679050.8914609626],[240345.23038274143,2679050.8961887443],[240341.69337730313,2679050.8309359634],[240338.38825675572,2679050.7407824355],[240335.9848950494,2679053.665908682],[240327.87202532144,2679066.849015311],[240321.3260596945,2679079.3225745074],[240321.19343134304,2679093.7754660803],[240323.62259334922,2679103.834083564],[240327.90477283433,2679114.8832879346],[240331.29126452946,2679120.851316139]]]]}},{"type":"Feature","properties":{"專區":"橫流溪","承租人":"陳世允","工作站":"鞍馬山","契約書":"31080201100007","假地號":"8","面積":1.5071,"樹種":"臺灣杉闊葉混淆林","作業區":"8_1_5","編號":31,"坡度":"三~四級坡","Land_use":"營林區","伐木計畫":null,"造林計畫":null,"撫育計畫":null,"林下經濟":null,"森林育樂":null},"geometry":{"type":"MultiPolygon","coordinates":[[[[240409,2678870.0310374694],[240413.42533254024,2678867.0171438074],[240429.6846061123,2678869.171293977],[240449.54429773032,2678873.352844995],[240463.05907840238,2678875.237041942],[240465.89070000034,2678846.554100001],[240474.9971000012,2678837.6103000008],[240497.3000999987,2678837.3695000038],[240506.08110000007,2678823.694500001],[240543.95350000076,2678828.0671000015],[240547.06549999956,2678852.059699999],[240636.23263922337,2678833.820139545],[240636.25141877044,2678833.7420561723],[240639.2057378091,2678833.029421836],[240639.01596555897,2678829.1074619996],[240638.63642105865,2678821.6430868274],[240638.23315502712,2678814.3210408427],[240637.38708707847,2678808.8967173584],[240636.86521339059,2678806.2082771477],[240636.58846219245,2678804.57149149],[240635.98751673364,2678801.0448905085],[240635.65936888347,2678799.6255522184],[240633.5758277212,2678791.698607189],[240629.96224779123,2678784.012831058],[240622.8774171189,2678777.4340597196],[240620.94806590903,2678775.567965926],[240611.3013098596,2678772.721382174],[240600.89546480964,2678771.361347715],[240593.24131738686,2678773.1641840916],[240572.52451341206,2678771.6460060896],[240547.61690557966,2678762.331351478],[240521.0181503977,2678752.8328550584],[240520.42906570528,2678752.631222043],[240519.8123058931,2678752.397960319],[240519.43671498186,2678752.279352663],[240515.9671937733,2678750.9348854027],[240510.08425402635,2678748.9422767786],[240504.97448810402,2678747.1120124436],[240502.34930531372,2678746.2264086106],[240498.15850146173,2678745.1352181737],[240485.7096393743,2678742.051419051],[240477.44663931683,2678740.643941531],[240467.0487014454,2678738.999248695],[240461.5453061918,2678738.319231467],[240457.57590329333,2678737.8448008415],[240455.1246783959,2678737.528513758],[240453.88300470458,2678737.3738296707],[240449.49476830894,2678736.8643108825],[240448.64079318338,2678736.7694247575],[240445,2678777.999999998],[240464.00000000186,2678784],[240439.00000000093,2678845],[240409,2678864.000000002],[240409,2678870.0310374694]],[[240474.97371477768,2678762.7451517857],[240485.33732128842,2678763.8207617034],[240497.43846020175,2678764.962875633],[240505.25829114811,2678766.64914568],[240508.2381553905,2678768.609297692],[240508.8006165112,2678774.563018775],[240508.1228299115,2678781.735453103],[240506.82279319075,2678786.3372162995],[240501.4863194474,2678786.4761080933],[240495.83704247864,2678782.8262403146],[240492.4279308859,2678788.511980907],[240489.20452762544,2678793.520995896],[240483.5570654505,2678792.5775397182],[240479.6452266181,2678788.858852966],[240475.92072578418,2678786.899206719],[240471.45117802254,2678784.3311199774],[240469.7746541042,2678782.7084011757],[240474.97371477768,2678762.7451517857]]]]}},{"type":"Feature","properties":{"專區":"橫流溪","承租人":"張碧城","工作站":"鞍馬山","契約書":"31080201100008","假地號":"1","面積":0.1606,"樹種":"臺灣杉","作業區":"1_2_1","編號":1,"坡度":"二~三級坡","Land_use":"育樂區","伐木計畫":null,"造林計畫":null,"撫育計畫":null,"林下經濟":null,"森林育樂":"森林療癒及環境教育場域"},"geometry":{"type":"MultiPolygon","coordinates":[[[[240343.3772573343,2679238.6432056054],[240343.37725733445,2679238.643205607],[240347.96605465814,2679241.2225544797],[240343.75118627396,2679247.991446627],[240340.52932263826,2679255.0303048724],[240342.76684436444,2679260.441600628],[240346.49367996384,2679265.987203702],[240345.6295709116,2679272.753815747],[240347.49432200106,2679277.488763632],[240354.69158557057,2679276.5366248977],[240362.88065385024,2679274.09529073],[240366.72716903267,2679273.1454348057],[240369.76368563744,2679277.0701115727],[240375.91575833384,2679280.581824509],[240381.74872772783,2679280.8485094546],[240386.33985332027,2679279.898154003],[240390.65523290855,2679279.189329423],[240391.30337670312,2679279.0828682776],[240394.52764225617,2679275.562352266],[240391.5436980576,2679267.445144321],[240390.67104295804,2679261.626954879],[240389.5505497572,2679256.350215331],[240379.86756242535,2679251.891202698],[240371.30378422435,2679250.8144488735],[240364.4754120047,2679246.759470918],[240365.83557282152,2679239.4512414876],[240365.33567173404,2679234.3094029757],[240361.7353279179,2679232.28204152],[240355.15809263455,2679232.557152617],[240351.5382885841,2679230.0853273296],[240351.538288584,2679230.0853273296],[240343.3772573343,2679238.6432056054]]]]}},{"type":"Feature","properties":{"專區":"橫流溪","承租人":"陳世允","工作站":"鞍馬山","契約書":"31080201100007","假地號":"8","面積":0.3535,"樹種":"草生地","作業區":"8_1_8","編號":32,"坡度":"二級坡","Land_use":"營林區","伐木計畫":null,"造林計畫":null,"撫育計畫":null,"林下經濟":null,"森林育樂":null},"geometry":{"type":"MultiPolygon","coordinates":[[[[240448.44593523812,2678739.23322858],[240448.60916447508,2678736.753610402],[240453.81307560726,2678737.3656753944],[240467.1040516851,2678738.999248697],[240479.28011618505,2678740.960228676],[240485.73336090558,2678742.0356046986],[240492.20835070964,2678743.620993763],[240502.52326320947,2678746.2422229648],[240508.58411444066,2678748.400882308],[240510.24536275928,2678748.9986154158],[240516.34995059218,2678751.0814152877],[240519.44857574746,2678752.2753990744],[240510.1816572076,2678740.54187645],[240506.17709692905,2678718.439722582],[240495.05569554176,2678707.9615303506],[240481.36979781307,2678698.051851043],[240478.2252701718,2678683.6007618965],[240477.36270846773,2678672.265488258],[240473.95111438175,2678650.5100618615],[240468.68249999918,2678647.3117000014],[240448,2678632],[240458.00000000093,2678655],[240443,2678683],[240464.00000000186,2678728.000000002],[240449.00000000093,2678733],[240448.44593523812,2678739.23322858]]]]}},{"type":"Feature","properties":{"專區":"橫流溪","承租人":"鄭清標","工作站":"鞍馬山","契約書":"31080201100005","假地號":"7","面積":1.1878,"樹種":"杉木闊葉混淆林","作業區":"7_1_1","編號":22,"坡度":"三級坡","Land_use":"營林區","伐木計畫":null,"造林計畫":null,"撫育計畫":null,"林下經濟":null,"森林育樂":null},"geometry":{"type":"MultiPolygon","coordinates":[[[[240377.22214227286,2678726.604450734],[240374.53594601806,2678736.8014393384],[240371.29294248842,2678748.9580022097],[240369.44367936908,2678761.6200517635],[240366.20068597334,2678773.77661619],[240365.27863704693,2678783.905878175],[240370.39288495376,2678791.4988833787],[240374.11511433264,2678801.1185619924],[240373.19546685714,2678814.7928448543],[240371.34277418145,2678822.3905792753],[240366.2398850163,2678831.5098159267],[240362.52866575724,2678838.0959500293],[240353.9945706759,2678843.956565207],[240353.99457065243,2678843.956565214],[240354.00000000093,2678844.000000002],[240371.3252836812,2678902.7134613656],[240372,2678905.000000002],[240388.00000000093,2678904.000000002],[240394,2678891.000000002],[240409,2678894.000000002],[240409,2678870.0310374694],[240409,2678864.000000002],[240439.00000000093,2678845],[240464.00000000186,2678784],[240445,2678777.999999998],[240448.4784704432,2678738.867207523],[240398.88779692893,2678729.1392414547],[240377.22214227286,2678726.604450734]]]]}},{"type":"Feature","properties":{"專區":"橫流溪","承租人":"陳世允","工作站":"鞍馬山","契約書":"31080201100007","假地號":"8","面積":0.1377,"樹種":"臺灣杉","作業區":"8_1_3","編號":28,"坡度":"三~五級坡","Land_use":"營林區","伐木計畫":null,"造林計畫":null,"撫育計畫":null,"林下經濟":null,"森林育樂":null},"geometry":{"type":"MultiPolygon","coordinates":[[[[240397.29093930096,2679083.747547237],[240401.84347532722,2679082.9963811687],[240412.26844831175,2679083.3952934504],[240419.09633687802,2679086.638371527],[240423.19440216728,2679090.559897593],[240426.9137630958,2679085.009249023],[240429.01512454034,2679072.5583501896],[240430.87147672795,2679064.8438326423],[240428.63295394578,2679057.9440000583],[240425.4045206802,2679055.3750900514],[240418.9481989492,2679051.049194535],[240421.1764947881,2679042.7931429655],[240425.1433448463,2679036.159763683],[240425.63546863882,2679029.799370934],[240423.64669878624,2679025.199818288],[240416.81859895596,2679021.6860974133],[240413.25849731977,2679019.8658370976],[240407.63982812184,2679028.67903554],[240406.51237260923,2679047.100096502],[240398.83505022601,2679072.326891338],[240397.29093930096,2679083.747547237]]]]}},{"type":"Feature","properties":{"專區":"橫流溪","承租人":"陳璽元","工作站":"鞍馬山","契約書":"31080201100009","假地號":"15","面積":0.9828,"樹種":"闊葉林","作業區":"15_3_2","編號":40,"坡度":"六級坡","Land_use":"生態保育區","伐木計畫":null,"造林計畫":null,"撫育計畫":null,"林下經濟":null,"森林育樂":null},"geometry":{"type":"MultiPolygon","coordinates":[[[[240891.388551659,2678938.4067915375],[240891.3885484948,2678938.406790127],[240876.3949451445,2678937.5798854027],[240847.00454473798,2678936.938072986],[240841.23601595062,2678918.771381451],[240810.6331873945,2678917.469684605],[240802.44003972173,2678898.313466151],[240782.02391616796,2678891.8182842154],[240789.01208118745,2678918.9787400886],[240798.91674427327,2678922.2547512935],[240823.72172791004,2678940.3757284842],[240833.65639428934,2678960.9822960724],[240837.30376231874,2678957.0972775314],[240841.4572497268,2678950.869856884],[240848.15602295435,2678946.399960786],[240854.91990558102,2678946.6662402265],[240856.22727861023,2678953.296097668],[240857.47338291263,2678961.1438784567],[240860.33249618148,2678968.4493385972],[240859.96545667556,2678976.636460034],[240862.45316744826,2678985.363024345],[240861.9632866585,2678995.512371045],[240857.06090490406,2678995.1095681787],[240849.48787999823,2678990.9871777585],[240840.92114203464,2678985.512228692],[240840.16395772278,2678986.305397721],[240840.5724781911,2678997.6097272495],[240840.16414797946,2679000.2073337594],[240837.42124686297,2679017.6563923736],[240836.5945629073,2679022.915370436],[240866.37550000008,2679033.2159],[240925.92449999973,2679045.7260999996],[241014.4779000003,2679032.2905],[241006.28789999988,2679017.4437000006],[240983.5535000004,2679014.5990999993],[240951.77610000037,2679012.1787],[240898.32870000042,2678983.1010999996],[240890.7701000003,2678939.0760999992],[240891.388551659,2678938.4067915375]]]]}},{"type":"Feature","properties":{"專區":"橫流溪","承租人":"陳璽元","工作站":"鞍馬山","契約書":"31080201100009","假地號":"15","面積":0.7184,"樹種":"闊葉林","作業區":"15_3_1","編號":36,"坡度":"六級坡","Land_use":"生態保育區","伐木計畫":null,"造林計畫":null,"撫育計畫":null,"林下經濟":null,"森林育樂":null},"geometry":{"type":"MultiPolygon","coordinates":[[[[240837.42124686297,2679017.6563923736],[240833.74302043114,2679016.3699198626],[240829.21103307823,2679012.9898380763],[240825.54825413923,2679010.353457951],[240824.67668069905,2679005.956107933],[240822.31506783655,2679000.3418380143],[240818.7138548615,2678996.961157549],[240818.2149855881,2678993.1725086835],[240819.76204305622,2678986.608467328],[240821.9320752692,2678983.8329948275],[240825.90424766875,2678985.115969737],[240829.0090007015,2678988.429312681],[240832.42488752783,2678993.0956594376],[240835.9021687095,2678996.747064244],[240838.57194026333,2678999.1134473504],[240840.16414797946,2679000.2073337594],[240840.5724781911,2678997.6097272495],[240840.16395772278,2678986.305397721],[240839.70199049314,2678973.522121974],[240833.65639428934,2678960.9822960724],[240823.72172791004,2678940.3757284842],[240798.91674427327,2678922.2547512935],[240789.01208118745,2678918.9787400886],[240789.44710000046,2678920.669500001],[240763.79389999993,2678925.1953],[240737.8457000004,2678915.1799],[240726.23638986764,2678930.7699627453],[240731.9228304578,2678932.537409718],[240741.97678120644,2678934.763632515],[240750.04368416074,2678934.8936913833],[240772.2585386227,2678935.0145461196],[240779.20920110648,2678936.2279108823],[240789.2010892859,2678938.4542074483],[240797.45625331346,2678941.831860891],[240801.8645609523,2678945.820954396],[240805.52929019262,2678951.4343760717],[240810.1885628724,2678959.685902545],[240810.19097324717,2678963.4072123445],[240803.36622953718,2678964.967819284],[240794.98877555897,2678964.3643101933],[240785.990050927,2678962.6109859818],[240781.1487846171,2678960.787305271],[240776.18301654406,2678958.35476529],[240768.17672670714,2678955.9918653388],[240758.68108993085,2678953.494619497],[240748.81265039527,2678950.2533608098],[240741.1123713011,2678946.342984648],[240733.54193837306,2678941.3321789373],[240725.08090058542,2678940.5280715777],[240721.2085921024,2678937.521757791],[240699.25349999964,2678967.0051000006],[240771.73249999993,2679000.4811000004],[240836.5945629073,2679022.915370436],[240837.42124686297,2679017.6563923736]]]]}},{"type":"Feature","properties":{"專區":"橫流溪","承租人":"陳璽元","工作站":"鞍馬山","契約書":"31080201100009","假地號":"15","面積":0.0409,"樹種":"崩塌地","作業區":"15_3_1","編號":37,"坡度":"六級坡","Land_use":"生態保育區","伐木計畫":null,"造林計畫":null,"撫育計畫":null,"林下經濟":null,"森林育樂":null},"geometry":{"type":"MultiPolygon","coordinates":[[[[240840.16414797946,2679000.2073337594],[240838.57194026333,2678999.1134473504],[240835.9021687095,2678996.747064244],[240832.42488752783,2678993.0956594376],[240829.0090007015,2678988.429312681],[240825.90424766875,2678985.115969737],[240821.9320752692,2678983.8329948275],[240819.76204305622,2678986.608467328],[240818.2149855881,2678993.1725086835],[240818.7138548615,2678996.961157549],[240822.31506783655,2679000.3418380143],[240824.67668069905,2679005.956107933],[240825.54825413923,2679010.353457951],[240829.21103307823,2679012.9898380763],[240833.74302043114,2679016.3699198626],[240837.42124686297,2679017.6563923736],[240840.16414797946,2679000.2073337594]]]]}},{"type":"Feature","properties":{"專區":"橫流溪","承租人":"張碧城","工作站":"鞍馬山","契約書":"31080201100008","假地號":"1","面積":0.5523,"樹種":"臺灣肖楠","作業區":"1_1_1","編號":41,"坡度":"三~五級坡","Land_use":"營林區","伐木計畫":null,"造林計畫":null,"撫育計畫":null,"林下經濟":null,"森林育樂":null},"geometry":{"type":"MultiPolygon","coordinates":[[[[240448.41595161057,2679098.974132976],[240460.81147546117,2679110.934112226],[240469.01211215527,2679125.5432092813],[240484.9060321858,2679138.5233038533],[240496.4251943626,2679138.3163010543],[240496.42519519723,2679138.3163011656],[240504.07330000028,2679120.2773],[240504.4581000004,2679103.5352999996],[240519.56170000043,2679094.2411],[240527.10649999976,2679088.0067],[240530.96769087636,2679083.768286234],[240526.5076254402,2679076.598161605],[240516.5252904364,2679064.419122942],[240504.6860336566,2679045.439987945],[240498.83517065836,2679032.2663080445],[240499.0806833898,2679023.517172731],[240486.7862628575,2679019.4510100125],[240476.24626225978,2679025.692650467],[240470.63862878134,2679027.3522338476],[240448.41595161057,2679098.974132976]]]]}},{"type":"Feature","properties":{"專區":"橫流溪","承租人":"陳世允","工作站":"鞍馬山","契約書":"31080201100007","假地號":"8","面積":0.0848,"樹種":"五葉松","作業區":"8_1_7","編號":29,"坡度":"三~四級坡","Land_use":"營林區","伐木計畫":null,"造林計畫":null,"撫育計畫":null,"林下經濟":null,"森林育樂":null},"geometry":{"type":"MultiPolygon","coordinates":[[[[240474.97371477768,2678762.7451517857],[240469.7746541042,2678782.7084011757],[240471.45117802254,2678784.3311199774],[240475.92072578418,2678786.899206719],[240479.6452266181,2678788.858852966],[240483.5570654505,2678792.5775397182],[240489.20452762544,2678793.520995896],[240492.4279308859,2678788.511980907],[240495.83704247864,2678782.8262403146],[240501.4863194474,2678786.4761080933],[240506.82279319075,2678786.3372162995],[240508.1228299115,2678781.735453103],[240508.8006165112,2678774.563018775],[240508.2381553905,2678768.609297692],[240505.25829114811,2678766.64914568],[240497.43846020175,2678764.962875633],[240485.33732128842,2678763.8207617034],[240474.97371477768,2678762.7451517857]]]]}},{"type":"Feature","properties":{"專區":"橫流溪","承租人":"陳世允","工作站":"鞍馬山","契約書":"31080201100007","假地號":"8","面積":1.2316,"樹種":"臺灣肖楠五葉松混淆林","作業區":"8_1_4","編號":27,"坡度":"三~五級坡","Land_use":"營林區","伐木計畫":null,"造林計畫":null,"撫育計畫":"114年實施疏伐撫育作業","林下經濟":null,"森林育樂":null},"geometry":{"type":"MultiPolygon","coordinates":[[[[240413.25849731977,2679019.8658370976],[240416.81859895596,2679021.6860974133],[240423.64669878624,2679025.199818288],[240425.63546863882,2679029.799370934],[240425.1433448463,2679036.159763683],[240421.1764947881,2679042.7931429655],[240418.9481989492,2679051.049194535],[240425.4045206802,2679055.3750900514],[240428.63295394578,2679057.9440000583],[240430.87147672795,2679064.8438326423],[240429.01512454034,2679072.5583501896],[240426.9137630958,2679085.009249023],[240423.19440216728,2679090.559897593],[240419.09633687802,2679086.638371527],[240412.26844831175,2679083.3952934504],[240401.84347532722,2679082.9963811687],[240397.29093930096,2679083.747547237],[240395.99947700903,2679093.299546516],[240397.15146760372,2679111.152206932],[240406.00163477642,2679134.6673842585],[240420.8305117078,2679149.6768827224],[240422.77965075817,2679155.379706556],[240434.83790000062,2679142.735100001],[240448.41595161057,2679098.974132976],[240508.64344512462,2678904.8657709607],[240497.89380920582,2678903.2179501336],[240463.27155674092,2678907.492056819],[240440.04824472632,2678911.3334741136],[240436.05115392135,2678912.10689618],[240435.49887819996,2678926.6396841775],[240428.39273528627,2678953.850025425],[240422.98960587295,2678970.8571135667],[240420.7210630871,2678987.5786767094],[240419.02688395028,2679010.8177984473],[240413.25849731977,2679019.8658370976]]]]}},{"type":"Feature","properties":{"專區":"橫流溪","承租人":"張碧城","工作站":"鞍馬山","契約書":"31080201100008","假地號":"1","面積":0.2419,"樹種":"臺灣肖楠","作業區":"1_2_2","編號":20,"坡度":"二~三級坡","Land_use":"育樂區","伐木計畫":null,"造林計畫":null,"撫育計畫":null,"林下經濟":"林下經濟經營區(養蜂)","森林育樂":null},"geometry":{"type":"MultiPolygon","coordinates":[[[[240406.1722860932,2679341.37182059],[240406.1722860931,2679341.37182059],[240395.38793224684,2679344.9954168727],[240374.1334402295,2679346.00753554],[240350.60168121025,2679345.2484465395],[240330.35930786037,2679342.9711795375],[240325.55174418975,2679346.5135948737],[240323.34669999965,2679349.3329000007],[240327.84649999999,2679352.3333],[240331.75629999954,2679356.3334999997],[240336.25609999988,2679359.333900001],[240343.25590000022,2679362.3343],[240349.75569999963,2679363.3345],[240357.16550000012,2679365.334899999],[240363.66530000046,2679367.3351000007],[240376.66509999987,2679368.3356999997],[240387.6649000002,2679369.336100001],[240398.16449999996,2679370.3365],[240405.66449999996,2679370.3368999995],[240411.6643000003,2679372.337099999],[240417.1640999997,2679373.3373000007],[240425.16390000004,2679375.3377],[240433.16370000038,2679378.3380999994],[240437.16370000038,2679373.3380999994],[240443.25370000023,2679365.3380999994],[240444.5538999997,2679362.3378999997],[240446.84389999975,2679358.3378999997],[240447.4792588092,2679357.067118845],[240441.92910000097,2679353.3099],[240424.23495815962,2679338.735505695],[240424.2349579656,2679338.7355056955],[240441.9291000003,2679353.3099000007],[240430.62909999955,2679366.2448999994],[240413.20550000016,2679352.9842000008],[240424.0587734023,2679338.7359371344],[240414.0287796642,2679338.76049849],[240406.1956955355,2679341.4171244083],[240406.1722860932,2679341.37182059]]]]}},{"type":"Feature","properties":{"專區":"橫流溪","承租人":"陳世允","工作站":"鞍馬山","契約書":"31080201100007","假地號":"8","面積":0.2766,"樹種":"臺灣肖楠與果樹混植林","作業區":"8_1_6","編號":30,"坡度":"三~四級坡","Land_use":"營林區","伐木計畫":null,"造林計畫":null,"撫育計畫":null,"林下經濟":null,"森林育樂":null},"geometry":{"type":"MultiPolygon","coordinates":[[[[240463.05907840238,2678875.237041942],[240449.54429773032,2678873.352844995],[240429.6846061123,2678869.171293977],[240413.42533254024,2678867.0171438074],[240409,2678870.0310374694],[240409,2678893.3855947177],[240428.9271360885,2678901.138866758],[240436.05890444308,2678911.902946079],[240436.05115392135,2678912.10689618],[240440.04824472632,2678911.3334741136],[240463.27155674092,2678907.492056819],[240497.89380920582,2678903.2179501336],[240508.64344512462,2678904.8657709607],[240511.5831000004,2678895.3915],[240463.01989999972,2678875.6339],[240463.05907840238,2678875.237041942]]]]}},{"type":"Feature","properties":{"專區":"橫流溪","承租人":"陳世允","工作站":"鞍馬山","契約書":"31080201100007","假地號":"8","面積":1.2957,"樹種":"臺灣肖楠","作業區":"8_1_2","編號":25,"坡度":"三~四級坡","Land_use":"營林區","伐木計畫":"112年實施伐木及整地作業","造林計畫":"113年實施造林作業","撫育計畫":"113年~116年實施撫育作業","林下經濟":null,"森林育樂":null},"geometry":{"type":"MultiPolygon","coordinates":[[[[240350.1618682806,2679118.263597271],[240406.28485876994,2679134.9957006555],[240406.32597281135,2679134.995672858],[240406.00163477642,2679134.6673842585],[240397.15146760372,2679111.152206932],[240395.99947700903,2679093.299546516],[240397.29093930096,2679083.747547237],[240398.83505022601,2679072.326891338],[240406.51237260923,2679047.100096502],[240407.63982812184,2679028.67903554],[240413.25849731977,2679019.8658370976],[240419.02688395028,2679010.8177984473],[240420.7210630871,2678987.5786767094],[240422.98960587295,2678970.8571135667],[240428.39273528627,2678953.850025425],[240435.49887819996,2678926.6396841775],[240436.05890444308,2678911.902946079],[240428.9271360885,2678901.138866758],[240409,2678893.3855947177],[240409,2678894.000000002],[240394,2678891.000000002],[240388.00000000093,2678904.000000002],[240372,2678905.000000002],[240371.3252836812,2678902.7134613656],[240371.22988660863,2678902.70329212],[240369.65419978547,2678905.571548731],[240363.5466600211,2678934.3399371835],[240359.99808465876,2678954.463113096],[240357.0221738333,2678978.5533384457],[240355.75546907913,2679001.6504973406],[240350.77499725902,2679011.4308330324],[240347.6470819112,2679021.4932928886],[240341.09895558748,2679030.8496011165],[240338.113540212,2679040.911952495],[240338.5475680523,2679050.546885007],[240338.38825675572,2679050.7407824355],[240341.69337730313,2679050.8309359634],[240345.23038274143,2679050.8961887443],[240352.1801976517,2679050.8914609626],[240357.51877799956,2679054.0002018055],[240362.23573397362,2679055.4855215857],[240369.62059881623,2679056.4954101425],[240372.16798648928,2679061.297557005],[240375.99588579853,2679064.817818398],[240352.7219007819,2679110.63478764],[240350.1618682806,2679118.263597271]]]]}},{"type":"Feature","properties":{"專區":"橫流溪","承租人":"張碧城","工作站":"鞍馬山","契約書":"31080201100008","假地號":"1","面積":1.5405,"樹種":"臺灣肖楠","作業區":"1_2_5","編號":2,"坡度":"二~三級坡","Land_use":"育樂區","伐木計畫":"113年實施伐木及整地作業","造林計畫":"114年實施造林作業","撫育計畫":"114年~116年實施撫育作業","林下經濟":"林下經濟經營區(段木香菇)","森林育樂":null},"geometry":{"type":"MultiPolygon","coordinates":[[[[240424.2349579656,2679338.7355056955],[240424.23495815962,2679338.735505695],[240441.92910000097,2679353.3099],[240447.4792588092,2679357.067118845],[240448.84389999975,2679354.3377],[240453.45409999974,2679347.3377],[240453.95409999974,2679347.3377],[240455.5541000003,2679343.3377],[240458.55429999996,2679338.3375000004],[240462.1643000003,2679335.3375000004],[240466.1640999997,2679333.3375000004],[240470.1640999997,2679330.3375000004],[240473.75409999955,2679327.3377],[240477.25409999955,2679326.3377],[240481.75409999955,2679324.3377],[240486.75409999955,2679322.3378999997],[240497.34389999975,2679317.3380999994],[240502.45390000008,2679313.3380999994],[240504.32677103212,2679311.4653538167],[240495.58462426797,2679284.8015638716],[240486.72310610843,2679244.000102881],[240482.1397643644,2679208.5799920354],[240462.16375418578,2679167.2190170237],[240440.78127066462,2679153.3474561386],[240434.47705563623,2679143.1134911664],[240351.538288584,2679230.0853273296],[240351.5382885841,2679230.0853273296],[240355.15809263455,2679232.557152617],[240361.7353279179,2679232.28204152],[240365.33567173404,2679234.3094029757],[240365.83557282152,2679239.4512414876],[240364.4754120047,2679246.759470918],[240371.30378422435,2679250.8144488735],[240379.86756242535,2679251.891202698],[240389.5505497572,2679256.350215331],[240390.67104295804,2679261.626954879],[240391.5436980576,2679267.445144321],[240394.52764225617,2679275.562352266],[240391.30337670312,2679279.0828682776],[240390.65523290855,2679279.189329423],[240384.54789991284,2679290.7619101317],[240389.01127844088,2679299.0074689663],[240390.90854724078,2679307.9912479236],[240392.67102863436,2679317.417006916],[240398.216164529,2679327.2820937964],[240402.54364234585,2679334.3493800317],[240406.1956955355,2679341.4171244083],[240414.0287796642,2679338.76049849],[240424.0587734023,2679338.7359371344],[240424.12689999957,2679338.6465000007],[240424.2349579656,2679338.7355056955]],[[240452.07328902552,2679311.92938342],[240409.54835939294,2679217.1658761296],[240410.26050711249,2679216.7403162043],[240421.802338152,2679217.2992901616],[240432.492590813,2679222.8180958387],[240442.9002477431,2679231.8794154082],[240449.88811343626,2679240.8013460115],[240456.5918548687,2679250.9986981377],[240464.29651667544,2679266.4379910235],[240471.14757606445,2679283.8615353024],[240475.57540255564,2679299.8697683355],[240466.4641905829,2679311.6363209514],[240452.07328902552,2679311.92938342]]]]}},{"type":"Feature","properties":{"專區":"橫流溪","承租人":"陳世允","工作站":"鞍馬山","契約書":"31080201100007","假地號":"8","面積":0.9879,"樹種":"臺灣杉闊葉混淆林","作業區":"8_1_10","編號":19,"坡度":"二~三級坡","Land_use":"營林區","伐木計畫":null,"造林計畫":null,"撫育計畫":null,"林下經濟":null,"森林育樂":null},"geometry":{"type":"MultiPolygon","coordinates":[[[[240302.36872057634,2678876.414277996],[240329.0209473528,2678883.8941799384],[240338.88631387177,2678889.6320055104],[240344.1539583281,2678888.450051128],[240350.91273482153,2678894.8528318796],[240359.02248787894,2678901.401993884],[240371.22988660863,2678902.70329212],[240371.28999568647,2678902.5938742724],[240354.00000000093,2678844.000000002],[240346.00000000093,2678780],[240376.00000000093,2678668.000000002],[240427.00000000093,2678617.000000002],[240413.8091000002,2678608.479299998],[240408.07469999976,2678604.3083000015],[240403.57450000104,2678610.3082999997],[240395.97449999955,2678618.3083000015],[240392.36450000014,2678622.3083000015],[240385.77450000122,2678628.308100002],[240375.18450000044,2678638.308100002],[240368.07450000104,2678644.307900004],[240357.57450000104,2678652.3077000026],[240351.97449999955,2678656.3077000007],[240349.36430000048,2678661.3077000044],[240344.7741000019,2678673.3079000004],[240342.18410000205,2678681.3081],[240340.0739000002,2678690.3083000015],[240338.97370000184,2678699.308500001],[240336.86349999998,2678706.308500001],[240335.27329999954,2678717.308700001],[240333.68310000002,2678725.3089000024],[240331.57290000096,2678734.3091],[240328.36270000134,2678747.3095000014],[240326.2725000009,2678756.309700001],[240321.07210000046,2678775.3099000026],[240317.36190000083,2678789.310300002],[240312.68150000088,2678806.310700001],[240308.970900001,2678828.3112999983],[240306.86089999974,2678836.3117000014],[240305.27070000116,2678845.311899999],[240303.68049999978,2678851.3121000044],[240303.07030000165,2678857.3123000003],[240302.47009999957,2678866.3127000015],[240302.36872057634,2678876.414277996]]]]}},{"type":"Feature","properties":{"專區":"橫流溪","承租人":"張碧城","工作站":"鞍馬山","契約書":"31080201100008","假地號":"1","面積":1.4344,"樹種":"闊葉林","作業區":"1_1_6","編號":6,"坡度":"三~五級坡","Land_use":"營林區","伐木計畫":null,"造林計畫":null,"撫育計畫":null,"林下經濟":null,"森林育樂":null},"geometry":{"type":"MultiPolygon","coordinates":[[[[240631.94680929463,2679001.296866284],[240641.2211021014,2679002.4790886156],[240654.32699440912,2679006.15285126],[240667.43481770586,2679012.7725461805],[240670.6974780421,2679015.291733503],[240692.90189999994,2678975.6477000006],[240693.7424999997,2678974.4057],[240721.2085921024,2678937.521757791],[240724.93035367067,2678932.523805173],[240714.92354756227,2678929.394254849],[240701.6659514847,2678920.1927161664],[240691.1146270458,2678909.4307536683],[240676.4286497906,2678894.987411665],[240665.4471129808,2678880.116544103],[240651.90277732618,2678868.36467602],[240642.77450726705,2678854.9095413787],[240637.63521373956,2678840.3181949086],[240636.16938180666,2678833.7885108367],[240571.59929738432,2678847.010067301],[240572.30940006528,2678849.7134196674],[240585.99847261157,2678864.724146818],[240573.88020425965,2678891.5353062],[240582.30169999905,2678932.7641000003],[240582.3016999994,2678932.7641000007],[240582.30169999972,2678932.7641000003],[240608.37039839133,2678950.631876402],[240635.57250000047,2678969.2764999997],[240632.03421642346,2679000.524928326],[240631.94680929463,2679001.296866284]]]]}},{"type":"Feature","properties":{"專區":"橫流溪","承租人":"陳璽元","工作站":"鞍馬山","契約書":"31080201100009","假地號":"15","面積":1.1284,"樹種":"闊葉林","作業區":"15_3_3","編號":39,"坡度":"六級坡","Land_use":"生態保育區","伐木計畫":null,"造林計畫":null,"撫育計畫":null,"林下經濟":null,"森林育樂":null},"geometry":{"type":"MultiPolygon","coordinates":[[[[240782.02391616796,2678891.8182842154],[240802.44003972173,2678898.313466151],[240810.6331873945,2678917.469684605],[240841.23601595062,2678918.771381451],[240847.00454473798,2678936.938072986],[240876.3949451445,2678937.5798854027],[240891.3885484948,2678938.406790127],[240891.388551659,2678938.4067915375],[240957.17210000008,2678867.2137],[240928.66270000022,2678864.2729],[240912.10890000034,2678849.5787000004],[240893.72690000013,2678871.2727000006],[240861.35749999993,2678872.7419000007],[240858.95430000033,2678863.1262999997],[240840.90550000034,2678846.351500001],[240832.07330000028,2678844.554300001],[240830.5893000001,2678830.9911],[240840.54090000037,2678823.183700001],[240856.38609999977,2678819.251700001],[240901.00609999988,2678777.3311],[240895.17210000008,2678777.3309000004],[240857.67250000034,2678776.3292999994],[240781.27869999968,2678888.9219000004],[240782.02391616796,2678891.8182842154]]]]}},{"type":"Feature","properties":{"專區":"橫流溪","承租人":"鄭清標","工作站":"鞍馬山","契約書":"31080201100005","假地號":"7","面積":0.2182,"樹種":"杉木闊葉混淆林","作業區":"7_1_3","編號":21,"坡度":"三級坡","Land_use":"營林區","伐木計畫":null,"造林計畫":null,"撫育計畫":null,"林下經濟":null,"森林育樂":null},"geometry":{"type":"MultiPolygon","coordinates":[[[[240353.99457065243,2678843.956565214],[240353.9945706759,2678843.956565207],[240362.52866575724,2678838.0959500293],[240366.2398850163,2678831.5098159267],[240371.34277418145,2678822.3905792753],[240373.19546685714,2678814.7928448543],[240374.11511433264,2678801.1185619924],[240370.39288495376,2678791.4988833787],[240365.27863704693,2678783.905878175],[240366.20068597334,2678773.77661619],[240369.44367936908,2678761.6200517635],[240371.29294248842,2678748.9580022097],[240374.53594601806,2678736.8014393384],[240377.22214227286,2678726.604450734],[240360.8165018887,2678724.68505962],[240346.00000000093,2678780],[240353.99457065243,2678843.956565214]]]]}},{"type":"Feature","properties":{"專區":"橫流溪","承租人":"陳世允","工作站":"鞍馬山","契約書":"31080201100007","假地號":"8","面積":0.7456,"樹種":"臺灣肖楠","作業區":"8_1_9","編號":25,"坡度":"三~四級坡","Land_use":"營林區","伐木計畫":null,"造林計畫":null,"撫育計畫":null,"林下經濟":"林下經濟經營區(段木香菇)","森林育樂":null},"geometry":{"type":"MultiPolygon","coordinates":[[[[240406.32597281135,2679134.995672858],[240406.28485876994,2679134.9957006555],[240350.1618682806,2679118.263597271],[240342.73258715172,2679118.964075369],[240335.53501391236,2679119.5779187423],[240331.29126452946,2679120.851316139],[240333.61114918845,2679124.939658389],[240334.61744595593,2679137.974791723],[240332.06319046405,2679153.421128407],[240323.7025187371,2679221.014453406],[240317.1731663298,2679257.7172968923],[240316.00997326398,2679267.3412804753],[240343.3772573343,2679238.6432056054],[240351.5382885841,2679230.0853273296],[240422.77965075817,2679155.379706556],[240420.8305117078,2679149.6768827224],[240406.32597281135,2679134.995672858]]]]}},{"type":"Feature","properties":{"專區":"橫流溪","承租人":"張碧城","工作站":"鞍馬山","契約書":"31080201100008","假地號":"1","面積":0.9184,"樹種":"臺灣肖楠","作業區":"1_2_3","編號":20,"坡度":"二~三級坡","Land_use":"育樂區","伐木計畫":"111年實施伐木及整地作業","造林計畫":"112年實施造林作業","撫育計畫":"113年~116年實施撫育作業","林下經濟":null,"森林育樂":"森林療癒及環境教育場域"},"geometry":{"type":"MultiPolygon","coordinates":[[[[240323.34669999965,2679349.3329000007],[240325.55174418975,2679346.5135948737],[240330.35930786037,2679342.9711795375],[240350.60168121025,2679345.2484465395],[240374.1334402295,2679346.00753554],[240395.38793224684,2679344.9954168727],[240406.1722860931,2679341.37182059],[240406.1722860932,2679341.37182059],[240402.54364234585,2679334.3493800317],[240398.216164529,2679327.2820937964],[240392.67102863436,2679317.417006916],[240390.90854724078,2679307.9912479236],[240389.01127844088,2679299.0074689663],[240384.54789991284,2679290.7619101317],[240390.65523290855,2679279.189329423],[240386.33985332027,2679279.898154003],[240381.74872772783,2679280.8485094546],[240375.91575833384,2679280.581824509],[240369.76368563744,2679277.0701115727],[240366.72716903267,2679273.1454348057],[240362.88065385024,2679274.09529073],[240354.69158557057,2679276.5366248977],[240347.49432200106,2679277.488763632],[240345.6295709116,2679272.753815747],[240346.49367996384,2679265.987203702],[240342.76684436444,2679260.441600628],[240340.52932263826,2679255.0303048724],[240343.75118627396,2679247.991446627],[240347.96605465814,2679241.2225544797],[240343.37725733445,2679238.643205607],[240343.3772573343,2679238.6432056054],[240303.5859000003,2679280.3695],[240302.99909999967,2679280.979699999],[240303.34889999963,2679281.329500001],[240304.5588999996,2679284.3297000006],[240304.55869999994,2679289.3299000002],[240303.95849999972,2679294.3301],[240302.95849999972,2679299.3301],[240301.34829999972,2679304.3302999996],[240301.34829999972,2679306.330499999],[240301.25829999987,2679309.330499999],[240301.2581000002,2679314.3307000007],[240301.66789999977,2679319.3309000004],[240303.1677000001,2679323.3311],[240305.05769999977,2679328.3314999994],[240307.0575000001,2679332.331700001],[240309.9572999999,2679337.3319000006],[240311.95710000023,2679340.3321],[240315.45710000023,2679342.3324999996],[240319.84690000024,2679346.332699999],[240323.34669999965,2679349.3329000007]]]]}},{"type":"Feature","properties":{"專區":"烏石坑","Id":14,"name":"張瑞鑫","契約樹種":"土肉桂","林班":"117","事業區":"大安溪","假地號":260,"標示":"117-260-01","area1":0.2501,"伐木作業":null,"造林作業":null,"撫育作業":null,"契約面積":0.2501},"geometry":{"type":"MultiPolygon","coordinates":[[[[243797.78689999972,2687404.9946999997],[243847.47009999957,2687395.9990999997],[243854.66729999986,2687397.532299999],[243875.4408999998,2687395.636499999],[243889.59030000027,2687389.6533000004],[243891.44070000015,2687380.9113],[243882.14049999975,2687371.9803],[243881.33629999962,2687376.1805000007],[243877.03809999954,2687379.0021],[243819.52890000027,2687364.2678999994],[243772.69209999964,2687415.2423],[243797.78689999972,2687404.9946999997]]]]}},{"type":"Feature","properties":{"專區":"烏石坑","Id":8,"name":"張瑞鑫","契約樹種":"土肉桂","林班":"117","事業區":"大安溪","假地號":28,"標示":"117-028-01","area1":1.1845,"伐木作業":null,"造林作業":null,"撫育作業":null,"契約面積":1.1845},"geometry":{"type":"MultiPolygon","coordinates":[[[[243705.75537109375,2687375.8752441406],[243723.2178344736,2687366.429748535],[243735.9971923828,2687361.0322875995],[243738.21966552828,2687360.952819824],[243742.3470459003,2687359.762207033],[243772.66833496187,2687356.4283447266],[243788.38470458984,2687353.1740722675],[243792.98840332218,2687352.7772216797],[243797.43353271484,2687352.935852051],[243799.41790771484,2687353.809020996],[243825.5323486328,2687352.459777834],[243833.15950765274,2687353.5722942725],[243771.70870000217,2687326.2415000014],[243753.65070000105,2687318.538100004],[243722.3003000021,2687319.939100003],[243692.99870000128,2687330.6959000025],[243676.314100001,2687338.809100006],[243614.3491000021,2687376.740100004],[243620.63662768528,2687375.949957272],[243638.76251220796,2687371.4303588867],[243666.5438842764,2687372.859008789],[243674.56091308594,2687374.049682617],[243680.67272949312,2687376.5895385724],[243686.86395263672,2687378.6533813477],[243691.3882446289,2687379.3677368164],[243698.3732299814,2687378.7327880897],[243705.75537109375,2687375.8752441406]]],[[[243725.5831000004,2687434.094100004],[243723.36633300874,2687428.891906742],[243724.82165527437,2687421.0865478534],[243733.42059326265,2687414.207397461],[243742.15173339937,2687404.285583498],[243752.8674926767,2687392.908264162],[243790.17376708984,2687369.7572631855],[243797.84667968843,2687364.068725588],[243798.54870599508,2687360.1302503776],[243798.29642596003,2687359.878081614],[243796.49896240234,2687358.0814209003],[243794.09985351562,2687357.2221069336],[243791.40087890625,2687356.6665649433],[243782.03460693453,2687358.174682617],[243768.38208007812,2687359.9208374023],[243752.82476806734,2687361.7465820312],[243744.17285156343,2687363.41333008],[243735.9971923828,2687364.524536133],[243730.12341308687,2687366.5883789062],[243701.70715332124,2687381.0346679706],[243696.6271362314,2687383.098510744],[243688.92779541016,2687382.6221923865],[243681.78393554688,2687380.558349613],[243667.1787719736,2687376.1134643573],[243653.6417461494,2687375.580521267],[243682.4201000007,2687381.683100002],[243725.5831000004,2687434.094100004]]],[[[243725.5831000004,2687434.094100004],[243772.6921000015,2687415.2423000038],[243819.52890000213,2687364.2679000013],[243877.03810000047,2687379.002100004],[243881.33630000148,2687376.1805000026],[243882.14050000068,2687371.9803000037],[243850.30110000074,2687362.2561000027],[243837.8253020728,2687355.935958706],[243821.79150390625,2687354.6760253925],[243816.2354125986,2687354.940673828],[243808.03314209078,2687356.395751953],[243805.7843017578,2687358.9092407245],[243806.160723567,2687360.2537992727],[243806.22326751892,2687360.4772029184],[243806.7102661142,2687362.2167358417],[243804.46118164062,2687365.1271362305],[243797.3541259775,2687370.7952270526],[243767.9486694336,2687386.823059082],[243754.05810546968,2687396.215759279],[243744.66540527344,2687406.0053100605],[243741.09350585938,2687411.296997072],[243731.43615722656,2687420.557434084],[243728.92266845703,2687424.129394533],[243728.39337158296,2687429.4210205097],[243730.1315917978,2687432.226257324],[243725.5831000004,2687434.094100004]]]]}},{"type":"Feature","properties":{"專區":"烏石坑","Id":60,"name":"黃進貴","契約樹種":"臺灣肖楠、銀杏","林班":"118","事業區":"大安溪","假地號":231,"標示":"118-231-01","area1":0.6342,"伐木作業":"115年實施伐採整地作業","造林作業":"116年實施造林作業","撫育作業":"117年-119年實施撫育作業","契約面積":0.6052},"geometry":{"type":"MultiPolygon","coordinates":[[[[244924.04629830798,2687633.8364138375],[244924.35965576043,2687633.062812627],[244929.24125469776,2687625.8465359365],[244931.36368901836,2687622.2383975917],[244931.52287159275,2687607.129318272],[244932.584088753,2687597.472242114],[244933.00857561707,2687591.529426017],[244933.9636710613,2687585.5866099196],[244935.66161851765,2687579.43155039],[244940.0126088746,2687578.158089798],[244952.95945822936,2687574.549951453],[244952.32272793324,2687550.3542001997],[244955.5063794139,2687539.3175417334],[244960.1757349189,2687527.431909539],[244962.72265610346,2687524.0360146263],[244960.11135566357,2687519.623817331],[244932.42733718464,2687532.0568467774],[244931.9453347294,2687532.273316461],[244931.3268568612,2687532.5510779265],[244930.62869335097,2687532.230614371],[244873.18403842268,2687505.862982582],[244882.67496909975,2687536.5540485047],[244886.99998963528,2687561.0000008307],[244874.00003587996,2687577.9999636807],[244890.26311013833,2687581.639281451],[244888.9999926302,2687603.0000170856],[244893.99995981663,2687612.9999660025],[244883.00001441414,2687628.000003621],[244888.51296896103,2687628.7652373896],[244922.4255706351,2687633.7447304176],[244924.04629830798,2687633.8364138375]]]]}},{"type":"Feature","properties":{"專區":"烏石坑","Id":61,"name":"黃進貴","契約樹種":"臺灣肖楠、銀杏","林班":"118","事業區":"大安溪","假地號":231,"標示":"118-231-02","area1":1.4661,"伐木作業":"116年實施伐採整地作業","造林作業":"117年實施造林作業","撫育作業":"118年-119年實施撫育作業","契約面積":1.4948},"geometry":{"type":"MultiPolygon","coordinates":[[[[244960.11135566357,2687519.623817331],[244962.72265610346,2687524.0360146263],[244960.1757349189,2687527.431909539],[244955.5063794139,2687539.3175417334],[244952.32272793324,2687550.3542001997],[244952.95945822936,2687574.549951453],[244940.0126088746,2687578.158089798],[244935.66161851765,2687579.43155039],[244933.9636710613,2687585.5866099196],[244933.00857561707,2687591.529426017],[244932.584088753,2687597.472242114],[244931.52287159275,2687607.129318272],[244931.36368901836,2687622.2383975917],[244929.24125469776,2687625.8465359365],[244924.35965576043,2687633.062812627],[244924.04629830798,2687633.8364138375],[244941.61000055217,2687634.8299800707],[244975.17084093482,2687635.4690044094],[244983.33689188558,2687635.890903319],[245012.90197286737,2687642.134303593],[245020.00002526664,2687626.9999846444],[245035.999972773,2687615.999975657],[245059.99998826857,2687610.999953522],[245069.99997751424,2687600.9999859245],[245070.0000431701,2687597.000000871],[245060.29841510532,2687585.358012621],[245060.00003148994,2687584.999951219],[245057.99998919442,2687577.9999794005],[245044.99996077566,2687556.0000314945],[245041.00004308118,2687535.0000198875],[245045.00002062006,2687527.0000423],[245044.7207486068,2687526.6369870882],[245035.00004354643,2687514.000015006],[245023.00000151066,2687512.999955581],[245027.00000435056,2687496.000007778],[245015.99999064766,2687497.99998937],[244995.9873309739,2687465.0511108753],[244965.99998918184,2687480.0000456558],[244964.00001839243,2687498.9999874504],[244967.65601842766,2687516.2354720165],[244960.11135566357,2687519.623817331]]]]}},{"type":"Feature","properties":{"專區":"烏石坑","Id":70,"name":"吳宏斌","契約樹種":null,"林班":null,"事業區":null,"假地號":4901,"標示":"490-1","area1":0.3579,"伐木作業":"苗圃地","造林作業":null,"撫育作業":null,"契約面積":0.3852},"geometry":{"type":"MultiPolygon","coordinates":[[[[245846.39687345485,2690830.2614877513],[245830.58172212134,2690871.0645769536],[245822.73304280522,2690949.154195104],[245822.28563628497,2690951.838791952],[245841.28246128865,2690962.6829269617],[245843.4710706556,2690984.380132851],[245867.4071342256,2690837.3696470116],[245846.39687345485,2690830.2614877513]]]]}},{"type":"Feature","properties":{"專區":"烏石坑","Id":62,"name":"王祥慰","契約樹種":"臺灣肖楠、銀杏","林班":"129","事業區":"大安溪","假地號":11,"標示":"129-011-01","area1":1.2603,"伐木作業":"116年實施伐採整地作業","造林作業":"117年實施造林作業","撫育作業":"118年-119年實施撫育作業","契約面積":1.26},"geometry":{"type":"MultiPolygon","coordinates":[[[[242191.00010106066,2687549.0001460505],[242191.00011211558,2687571.0000746273],[242233.00013658337,2687610.000117555],[242238.0372936371,2687637.4236580348],[242231.00009653304,2687669.000133663],[242241.4731334655,2687672.16907296],[242252.66833526612,2687686.467270789],[242256.23009145245,2687694.6900944356],[242276.25314560856,2687650.8381416625],[242294.93006142988,2687619.6801399738],[242294.25006952407,2687604.480061379],[242302.93010107425,2687576.250125105],[242288.73012283127,2687561.890081941],[242262.6199328906,2687525.0530751613],[242245.4388904924,2687519.6992598],[242228.42893362357,2687542.614501288],[242202.8634764049,2687531.130110473],[242180.3547169859,2687494.538281338],[242168.1583013955,2687461.632493275],[242127.37393035364,2687493.7954772734],[242156.0285366265,2687512.756080102],[242191.00010106066,2687549.0001460505]]]]}},{"type":"Feature","properties":{"專區":"烏石坑","Id":3,"name":"吳吉雄","契約樹種":"杉木(50)、油桐(150)、麻竹(16)、楠木類(1890)、台灣肖楠(120)、台灣櫸(350)、柿子(110)","林班":"115","事業區":"大安溪","假地號":11,"標示":"115-011-02","area1":1.5084,"伐木作業":"116年實施伐採整地作業","造林作業":"117年實施造林作業","撫育作業":"118年-119年實施撫育作業","契約面積":1.5081},"geometry":{"type":"MultiPolygon","coordinates":[[[[243371.25372097373,2691959.919354364],[243406.2763538664,2691930.4266108754],[243436.13388429125,2691946.5658165105],[243432.0990828825,2691918.322206649],[243439.36172541828,2691885.2368350974],[243438.55476513653,2691869.0976294624],[243409.5041949934,2691861.0280266446],[243381.26058513203,2691848.1166621367],[243368.34922062396,2691821.4869728386],[243326.38728597277,2691769.034554525],[243290.88103357563,2691737.5631035366],[243267.41039746386,2691742.862924594],[243268.18043057513,2691743.6698608054],[243299.63852591233,2691823.382701137],[243313.32467925546,2691866.7960998514],[243345.98543242985,2691896.570451154],[243346.60232924434,2691915.782452781],[243347.0249243799,2691928.9433222194],[243347.42428920284,2691929.4539014697],[243365.7821082421,2691952.923974306],[243369.6597570481,2691957.8814938636],[243371.25372097373,2691959.919354364]]]]}},{"type":"Feature","properties":{"專區":"烏石坑","Id":69,"name":"吳羅桂花","契約樹種":"天然生雜木(165)","林班":"129","事業區":"大安溪","假地號":60,"標示":"129-060-01","area1":0.151,"伐木作業":"116年實施伐採整地作業","造林作業":"117年實施造林作業","撫育作業":"118年-119年實施撫育作業","契約面積":0.151},"geometry":{"type":"MultiPolygon","coordinates":[[[[241765.54090000037,2687742.7929],[241807.1671000002,2687701.1557],[241795.2918999996,2687686.4021000005],[241754.78249999974,2687707.8444999997],[241752.58530000038,2687725.3673],[241765.54090000037,2687742.7929]]]]}},{"type":"Feature","properties":{"專區":"烏石坑","Id":68,"name":"吳羅桂花","契約樹種":"桂竹(1520)、天然生雜木(350)","林班":"129","事業區":"大安溪","假地號":59,"標示":"129-059-01","area1":0.5691,"伐木作業":"116年實施伐採整地作業","造林作業":"117年實施造林作業","撫育作業":"118年-119年實施撫育作業","契約面積":0.569},"geometry":{"type":"MultiPolygon","coordinates":[[[[241671.04710000008,2687741.502699999],[241662.85450000037,2687722.4266999997],[241641.92310000025,2687721.5435000006],[241630.48849999998,2687729.011499999],[241607.44629999995,2687716.8527000006],[241588.10950000025,2687731.7817],[241560.5242999997,2687775.503900001],[241552.70569999982,2687788.8957],[241561.25829999987,2687794.436899999],[241608.04009999987,2687800.5924999993],[241671.04710000008,2687741.502699999]]]]}},{"type":"Feature","properties":{"專區":"烏石坑","Id":67,"name":"吳羅桂花","契約樹種":"天然生雜木(160)","林班":"129","事業區":"大安溪","假地號":58,"標示":"129-058-01","area1":0.1441,"伐木作業":null,"造林作業":null,"撫育作業":null,"契約面積":0.1441},"geometry":{"type":"MultiPolygon","coordinates":[[[[241477.2538999999,2687510.4945],[241498.22090000007,2687469.6531000007],[241457.13690000027,2687474.0442999993],[241442.86870000046,2687507.1746999994],[241444.53330000024,2687510.4767000005],[241477.2538999999,2687510.4945]]]]}},{"type":"Feature","properties":{"專區":"烏石坑","Id":16,"name":"張徐美妹","契約樹種":"桂竹、台灣櫸","林班":"117","事業區":"大安溪","假地號":290,"標示":"117-290-01","area1":0.6502,"伐木作業":null,"造林作業":null,"撫育作業":"114年、116年、118年實施竹林更新擇伐作業","契約面積":0.65},"geometry":{"type":"MultiPolygon","coordinates":[[[[244747.87829999998,2688061.4569000006],[244761.00009999983,2688052.0001],[244759.00009999983,2688047.0001],[244756.90529999975,2688030.3923000004],[244765.75989999995,2688017.9395000003],[244732.76350000035,2688014.5124999993],[244718.50289999973,2688013.031300001],[244674.29509999976,2688011.0760999992],[244651.38410000037,2688021.4045],[244647.6001000004,2688063.450099999],[244647.16009999998,2688068.4211],[244652.32870000042,2688096.7543],[244729.24569999985,2688059.2051],[244747.87829999998,2688061.4569000006]]]]}},{"type":"Feature","properties":{"專區":"烏石坑","Id":66,"name":"吳羅桂花","契約樹種":"天然生雜木(230)","林班":"129","事業區":"大安溪","假地號":57,"標示":"129-057-01","area1":0.208,"伐木作業":null,"造林作業":null,"撫育作業":null,"契約面積":0.208},"geometry":{"type":"MultiPolygon","coordinates":[[[[241370.21810000017,2687521.6998999994],[241416.54370000027,2687529.7401],[241435.5362999998,2687496.5254999995],[241423.91110000014,2687491.7663000003],[241413.8909,2687479.2829],[241393.6054999996,2687478.4914999995],[241370.21810000017,2687521.6998999994]]]]}},{"type":"Feature","properties":{"專區":"烏石坑","Id":65,"name":"吳羅桂花","契約樹種":"桂竹(530)、天然生雜木(220)","林班":"129","事業區":"大安溪","假地號":56,"標示":"129-056-01","area1":0.2881,"伐木作業":null,"造林作業":null,"撫育作業":"114年、116年、118年實施竹林更新擇伐作業","契約面積":0.288},"geometry":{"type":"MultiPolygon","coordinates":[[[[241330.79289999977,2687431.7861],[241351.6791000003,2687431.6733],[241348.34449999966,2687396.3465],[241331.0588999996,2687375.7145000007],[241314.6076999996,2687365.7039],[241304.18989999965,2687324.2751],[241287.28270000033,2687329.0474999994],[241291.02689999994,2687347.5359000005],[241287.06929999962,2687364.9860999994],[241296.21630000044,2687377.5865],[241303.31689999998,2687377.6834999993],[241310.83430000022,2687405.338300001],[241319.5159,2687406.919500001],[241330.79289999977,2687431.7861]]]]}},{"type":"Feature","properties":{"專區":"烏石坑","Id":10,"name":"張瑞宏","契約樹種":"臺灣肖楠","林班":"117","事業區":"大安溪","假地號":89,"標示":"117-089-01","area1":0.6752,"伐木作業":"117年實施伐採整地作業","造林作業":"118年實施造林作業","撫育作業":"119年實施撫育作業","契約面積":0.675},"geometry":{"type":"MultiPolygon","coordinates":[[[[244128.00232805064,2688102.999371605],[244100.52736716843,2688100.0671965694],[244088.0285906167,2688118.9104039045],[244081.77742107253,2688128.3346930197],[244081.7770777894,2688128.335210555],[244080.29428483098,2688131.7599507086],[244066.66829605517,2688163.2312836614],[244081.04476472747,2688181.914543858],[244108.94516725827,2688210.9632611],[244117.14283990618,2688206.235557877],[244129.72450537336,2688198.9795496254],[244149.2077429036,2688164.350654647],[244149.24747093685,2688163.9731483506],[244153.03482194268,2688127.9847357552],[244157.17659650068,2688087.8942982666],[244141.00530059944,2688102.9961665045],[244130.78047294,2688102.9986868207],[244128.00232805064,2688102.999371605]]]]}},{"type":"Feature","properties":{"專區":"烏石坑","Id":1,"name":"劉明松","契約樹種":"台灣肖楠、杉木、銀杏、天然生雜木","林班":"114","事業區":"大安溪","假地號":1,"標示":"114-001-01","area1":0.8304,"伐木作業":"115年實施伐採整地作業","造林作業":"116年實施造林作業","撫育作業":"117年-119年實施撫育作業","契約面積":0.83},"geometry":{"type":"MultiPolygon","coordinates":[[[[245949.22165023256,2690493.7239990234],[245964.77817097493,2690495.465917034],[245974.63877291325,2690496.5700431],[245984.8678703485,2690489.075581029],[246017.12170152087,2690482.5501492247],[246047.70376693085,2690475.935913088],[246076.04574691132,2690471.980102543],[246088.58664046694,2690461.5021972656],[246093.68204548117,2690453.6398557443],[246080.90890000015,2690460.5726999994],[246080.82963361777,2690460.5737950355],[246058.04561184812,2690460.9857440386],[246054.90566845238,2690451.5978477784],[246052.3710832391,2690437.1588198785],[246049.92228036653,2690433.867402559],[246045.75064193085,2690403.476928711],[246045.92160140444,2690395.6220703125],[246042.82772933412,2690393.4790649433],[246028.2546702549,2690397.4170532227],[245978.1925974982,2690392.484008791],[245960.9425787758,2690452.764803583],[245958.6111000022,2690459.0604999997],[245958.4451579647,2690461.492128104],[245949.22165023256,2690493.7239990234]]]]}},{"type":"Feature","properties":{"專區":"烏石坑","Id":7,"name":"張正雙","契約樹種":"天然生雜木(850)、杉木(85)、桂竹(成林，2030)","林班":"117","事業區":"大安溪","假地號":26,"標示":"117-026-01","area1":1.2023,"伐木作業":"117年實施伐採整地作業","造林作業":"118年實施造林作業","撫育作業":"119年實施撫育作業","契約面積":1.202},"geometry":{"type":"MultiPolygon","coordinates":[[[[243708.34168769425,2687532.532349479],[243708.6873099389,2687532.5344840274],[243708.68641902824,2687532.534716562],[243735.8307276476,2687532.7211017977],[243729.39207768594,2687497.77507883],[243708.01906723488,2687491.598143496],[243699.24413138724,2687480.0270939106],[243685.42408736848,2687468.3840995403],[243670.19668713622,2687446.3369067055],[243692.4137159337,2687445.864129909],[243745.1074941938,2687468.323304355],[243795.06174190922,2687457.661489488],[243822.0002678879,2687451.4993160926],[243835.68934395802,2687465.952749163],[243879.6595166397,2687477.896748242],[243871.74065994567,2687454.9760604687],[243851.2611088672,2687444.6075013657],[243844.43449111134,2687429.054255299],[243836.38312904723,2687427.1683280584],[243828.65833071558,2687433.9022505223],[243817.94110056973,2687440.5632825955],[243808.19434142704,2687431.068081492],[243783.74370710226,2687426.405322789],[243779.78874173976,2687432.6565410155],[243759.89225499242,2687444.83369016],[243725.25611610655,2687442.294747254],[243725.58313026335,2687434.09413454],[243714.56252498395,2687419.8687044363],[243684.58412534947,2687421.584149689],[243673.57485925392,2687426.0800911146],[243644.2250896989,2687437.3084528963],[243629.83107846766,2687465.718113762],[243620.11593472728,2687474.9380984716],[243626.8750599291,2687486.2821200294],[243632.6801407423,2687488.7931405264],[243652.76711975457,2687495.2291041785],[243656.7706865503,2687495.1205347115],[243656.43347076923,2687498.80393959],[243656.41172253533,2687512.794336983],[243665.4617133571,2687518.4209359176],[243677.58969749545,2687531.3533088025],[243677.56872137217,2687531.5419112802],[243675.5239029998,2687549.9274731115],[243681.359082908,2687556.3376895213],[243715.91473901318,2687563.2611064157],[243707.90598401937,2687532.5293577383],[243708.34168769425,2687532.532349479]],[[243707.90089761544,2687532.529322813],[243707.90598401916,2687532.5293577383],[243707.90117796013,2687532.530397889],[243707.90089761544,2687532.529322813]]]]}},{"type":"Feature","properties":{"專區":"烏石坑","Id":64,"name":"吳宏斌","契約樹種":"桂竹(5470)、楠木類(250)(D:36cm H:178m N:11)","林班":"129","事業區":"大安溪","假地號":52,"標示":"129-052-01","area1":1.1753,"伐木作業":null,"造林作業":null,"撫育作業":"114年、116年、118年實施竹林更新擇伐作業","契約面積":1.175},"geometry":{"type":"MultiPolygon","coordinates":[[[[241391.25026391482,2687272.5520889247],[241366.08688740584,2687238.6751182727],[241361.51653238444,2687244.0268956334],[241299.42869148517,2687201.768697505],[241266.27072706952,2687221.5938535836],[241236.92469314093,2687265.496922668],[241247.5156971333,2687274.632064638],[241296.57072485838,2687310.5059445878],[241318.78686434036,2687314.5884873522],[241334.75651267832,2687321.8520727595],[241376.96226024124,2687321.251070586],[241398.93472496892,2687279.9008731353],[241391.25026391482,2687272.5520889247]]]]}},{"type":"Feature","properties":{"專區":"烏石坑","Id":63,"name":"王祥慰","契約樹種":"杉木、天然生雜木","林班":"129","事業區":"大安溪","假地號":51,"標示":"129-051-01","area1":0.3701,"伐木作業":"115年實施伐採整地作業","造林作業":"116年實施造林作業","撫育作業":"117年-119年實施撫育作業","契約面積":0.37},"geometry":{"type":"MultiPolygon","coordinates":[[[[242267.73730000015,2687736.8358999994],[242262.07710000034,2687714.1795000006],[242256.23010000028,2687694.6900999993],[242252.66830000002,2687686.4672999997],[242241.47310000006,2687672.1690999996],[242231.00009999983,2687669.0001],[242238.73610000033,2687712.0078999996],[242205.59310000017,2687746.927100001],[242206.34169999976,2687765.1220999993],[242249.85250000004,2687774.3488999996],[242270.22389999963,2687773.6095000003],[242263.29009999987,2687750.3101000004],[242267.73730000015,2687736.8358999994]]]]}},{"type":"Feature","properties":{"專區":"烏石坑","Id":58,"name":"吳天祐","契約樹種":"天然生雜木、杉木、油桐、泡桐、桂竹(成林)、轎篙竹(成林)","林班":"118","事業區":"大安溪","假地號":227,"標示":"118-227-01","area1":1.979,"伐木作業":"116年實施伐採整地作業","造林作業":"117年實施造林作業","撫育作業":"118年-119年實施撫育作業","契約面積":1.979},"geometry":{"type":"MultiPolygon","coordinates":[[[[245550.12910605402,2687450.6844067425],[245682.4564201992,2687362.6531002983],[245646.72649999987,2687335.6161],[245559.53729999997,2687312.6601],[245516.87829999998,2687323.556500001],[245417.99210000038,2687315.647500001],[245447.20689999964,2687352.4650999997],[245445.01290000044,2687365.0836999994],[245468.68630000018,2687378.5031000003],[245478.39290000033,2687394.319700001],[245496.15730000008,2687409.6626999993],[245550.12910605402,2687450.6844067425]]]]}},{"type":"Feature","properties":{"專區":"烏石坑","Id":55,"name":"吳天祐","契約樹種":"天然生雜木、杉木、油桐、泡桐、桂竹(成林)、轎篙竹(成林)","林班":"118","事業區":"大安溪","假地號":226,"標示":"118-226-01","area1":1.4254,"伐木作業":"119年實施伐採整地作業","造林作業":null,"撫育作業":null,"契約面積":1.1726},"geometry":{"type":"MultiPolygon","coordinates":[[[[246179.90754859181,2687244.315790653],[246176.68382926678,2687230.976262412],[246173.0053000003,2687234.5220999997],[246108.51329999976,2687233.4806999993],[246075.1325000003,2687257.6557],[246071.7600999996,2687297.946900001],[246036.2770999996,2687319.0469000004],[246023.88410000037,2687337.9760999996],[245983.22589999996,2687350.3639],[245965.20330000017,2687344.6929],[245944.99949999992,2687355.5569],[245946.93350000028,2687402.770300001],[245927.40029999986,2687448.714299999],[245967.21810000017,2687464.0165],[245977.98029999994,2687471.5100999996],[246020.2773000002,2687407.3375000004],[246041.08469999954,2687338.9901],[246099.18010000046,2687298.8969],[246158.23010000028,2687259.5569],[246179.07010000013,2687244.3769000005],[246179.90754859181,2687244.315790653]]]]}},{"type":"Feature","properties":{"專區":"烏石坑","Id":51,"name":"吳天祐","契約樹種":"天然生雜木、杉木、油桐、泡桐、桂竹(成林)、轎篙竹(成林)","林班":"118","事業區":"大安溪","假地號":225,"標示":"118-225-01","area1":1.4817,"伐木作業":"119年實施伐採整地作業","造林作業":null,"撫育作業":null,"契約面積":1.4814},"geometry":{"type":"MultiPolygon","coordinates":[[[[245932.92475265564,2687625.4942003326],[246018.84643300256,2687612.7550237514],[245888.15847113772,2687447.497988103],[245809.07909999974,2687445.0469000004],[245887.65110000037,2687557.9036999997],[245932.92475265564,2687625.4942003326]]]]}},{"type":"Feature","properties":{"專區":"烏石坑","Id":13,"name":"張芝苒","契約樹種":"台灣肖楠、桂竹","林班":"117","事業區":"大安溪","假地號":107,"標示":"117-107-02","area1":0.3633,"伐木作業":null,"造林作業":null,"撫育作業":"114年、116年、118年實施竹林更新擇伐作業","契約面積":0.3632},"geometry":{"type":"MultiPolygon","coordinates":[[[[244300.49876260568,2688232.0421920447],[244301.3660089644,2688245.5712352404],[244315.39583125507,2688265.7604917074],[244333.5319429967,2688273.288689034],[244356.1165349768,2688277.0527876974],[244361.54444465452,2688277.0527876974],[244360.53050000034,2688273.9701000005],[244359.87930000015,2688258.9562999997],[244381.3831000002,2688205.4202999994],[244367.99990000017,2688201.0782999992],[244352.9671,2688211.0966999996],[244335.42709999997,2688223.8223],[244320.07830000017,2688211.1142999995],[244300.49876260568,2688232.0421920447]]]]}},{"type":"Feature","properties":{"專區":"烏石坑","Id":50,"name":"吳天祐","契約樹種":"天然生雜木、杉木、油桐、泡桐、桂竹(成林)、轎篙竹(成林)","林班":"118","事業區":"大安溪","假地號":224,"標示":"118-224-01","area1":0.8702,"伐木作業":"119年實施伐採整地作業","造林作業":null,"撫育作業":null,"契約面積":0.87},"geometry":{"type":"MultiPolygon","coordinates":[[[[245883.89070000034,2687557.7448999994],[245909.41249999963,2687607.8972999994],[245905.92949999962,2687656.8035000004],[245886.72130000032,2687706.0220999997],[245864.50930000003,2687779.1027000006],[245923.9863,2687778.9244999997],[245937.82629999984,2687719.7949],[245958.01669999957,2687670.5555000007],[245937.32809999958,2687632.0681],[245887.65110000037,2687557.9036999997],[245883.89070000034,2687557.7448999994]]]]}},{"type":"Feature","properties":{"專區":"烏石坑","Id":17,"name":"林長興","契約樹種":"杉木、桂竹、樟樹(DBH:50cm H:14m)1株、天然生雜木(D:22cm H:8m 12株; D:42cm H:14m 2株)","林班":"117","事業區":"大安溪","假地號":305,"標示":"117-305-01","area1":1.5904,"伐木作業":"117年實施伐採整地作業","造林作業":"118年實施造林作業","撫育作業":"119年實施撫育作業","契約面積":1.59},"geometry":{"type":"MultiPolygon","coordinates":[[[[245137.63850000035,2687883.8641],[245140.0603,2687853.1927000005],[245143.8443,2687845.8189000003],[245160.6897,2687833.9067],[245154.81730000023,2687817.3571000006],[245131.90029999986,2687805.7103000004],[245119.56109999958,2687799.2732999995],[245107.04889999982,2687809.6460999995],[245073.98929999955,2687786.685900001],[245077.79229999986,2687776.2785],[245061.5957000004,2687766.2333000004],[245046.28729999997,2687782.5483],[245042.46129999962,2687809.7446999997],[245046.99930000026,2687836.0997],[245029.12870000023,2687833.0131],[245017.85989999957,2687820.9065000005],[244986.61029999983,2687839.1487000007],[244986.4846999999,2687874.9529],[244991.90550000034,2687892.2311000004],[245027.1233000001,2687898.0985000003],[245046.2653000001,2687894.423699999],[245069.19629999995,2687896.3828999996],[245093.9020999996,2687917.6589],[245108.00490000006,2687925.678099999],[245158.1495000003,2687923.7607000005],[245151.0921,2687906.9723000005],[245138.44469999988,2687896.1983000003],[245137.63850000035,2687883.8641]]]]}},{"type":"Feature","properties":{"專區":"烏石坑","Id":47,"name":"吳天祐","契約樹種":"天然生雜木、杉木、油桐、泡桐、桂竹(成林)、轎篙竹(成林)","林班":"118","事業區":"大安溪","假地號":223,"標示":"118-223-01","area1":1.0285,"伐木作業":"118年實施伐採整地作業","造林作業":"119年實施造林作業","撫育作業":null,"契約面積":1.028},"geometry":{"type":"MultiPolygon","coordinates":[[[[245701.393719103,2687537.100176672],[245702.17116436033,2687532.5991778136],[245698.338103022,2687513.837351263],[245697.73288281067,2687501.9346871073],[245690.4702402749,2687490.838983233],[245671.52259589665,2687486.4968147296],[245670.64549999963,2687487.4803],[245625.4140999997,2687509.7531000003],[245577.29609999992,2687531.3553],[245561.92229999974,2687565.3160999995],[245570.53509999998,2687603.007099999],[245605.78789999988,2687628.3505000006],[245606.67949999962,2687614.9867000002],[245630.60749999993,2687608.8749],[245680.96729999967,2687529.870100001],[245701.393719103,2687537.100176672]]]]}},{"type":"Feature","properties":{"專區":"烏石坑","Id":11,"name":"張國政","契約樹種":"杉木","林班":"117","事業區":"大安溪","假地號":105,"標示":"117-105-01","area1":0.2251,"伐木作業":"119年實施伐採整地作業","造林作業":null,"撫育作業":null,"契約面積":0.225},"geometry":{"type":"MultiPolygon","coordinates":[[[[244234.0069156786,2688403.2137414506],[244211.46053545736,2688387.129575305],[244208.29741747468,2688413.123033394],[244203.99206002045,2688433.73709503],[244203.46711214128,2688436.248857573],[244246.13115644283,2688458.293714938],[244250.40653863092,2688452.7197780837],[244256.4531345205,2688446.76902793],[244264.60937679652,2688438.741931471],[244234.0069156786,2688403.2137414506]]]]}},{"type":"Feature","properties":{"專區":"烏石坑","Id":43,"name":"吳天祐","契約樹種":"天然生雜木、杉木、油桐、泡桐、桂竹(成林)、轎篙竹(成林)","林班":"118","事業區":"大安溪","假地號":222,"標示":"118-222-18","area1":1.9832,"伐木作業":"117年實施伐採整地作業","造林作業":"118年實施造林作業","撫育作業":"119年實施撫育作業","契約面積":1.9828},"geometry":{"type":"MultiPolygon","coordinates":[[[[245506.42572786333,2687006.9766011345],[245441.18591852178,2686908.6441348805],[245379.55829999968,2686914.0046999995],[245372.68589999992,2686936.3500999995],[245354.47929999977,2686951.672700001],[245323.04609999992,2686953.8235],[245286.5220999997,2686987.123299999],[245226.6813000003,2686992.6044999994],[245165.66530000046,2687003.5165],[245182.37550000008,2687018.6697000004],[245170.71729999967,2687041.4645000007],[245179.25129999965,2687051.1961000003],[245203.92210000008,2687057.9192999993],[245251.92250000034,2687043.9919000007],[245310.68549999967,2687038.208900001],[245347.14570000023,2687023.6034999993],[245375.8103,2687015.9329000004],[245400.85749999993,2686980.4977],[245432.12370000035,2686975.4735000003],[245461.96590000018,2686989.2717000004],[245506.42572786333,2687006.9766011345]]]]}},{"type":"Feature","properties":{"專區":"烏石坑","Id":18,"name":"李曉鈴","契約樹種":"杉木、桂竹、麻竹、天然生雜木(33cm, 12m, 5)","林班":"117","事業區":"大安溪","假地號":363,"標示":"117-363-01","area1":0.3601,"伐木作業":"119年實施伐採整地作業","造林作業":null,"撫育作業":null,"契約面積":0.36},"geometry":{"type":"MultiPolygon","coordinates":[[[[244728.25050000008,2687677.945699999],[244734.2405000003,2687667.5041000005],[244718.0547000002,2687646.7117],[244702.33050000016,2687642.034499999],[244700.05590000004,2687634.3911000006],[244710.26769999973,2687621.4091],[244751.23249999993,2687611.9848999996],[244761.48890000023,2687598.4322999995],[244696.75050000008,2687608.8062999994],[244654.32749999966,2687634.4297],[244627.52269999962,2687638.8948999997],[244655.1621000003,2687657.2893000003],[244696.24089999963,2687661.081700001],[244728.25050000008,2687677.945699999]]]]}},{"type":"Feature","properties":{"專區":"烏石坑","Id":15,"name":"張芝苒","契約樹種":"桂竹","林班":"117","事業區":"大安溪","假地號":276,"標示":"117-276-01","area1":0.13,"伐木作業":null,"造林作業":null,"撫育作業":"114年、116年、118年實施竹林更新擇伐作業","契約面積":0.13},"geometry":{"type":"MultiPolygon","coordinates":[[[[244359.87930000015,2688258.9562999997],[244388.67769999988,2688256.6119],[244404.29710000008,2688214.2255000006],[244381.3831000002,2688205.4202999994],[244359.87930000015,2688258.9562999997]]]]}},{"type":"Feature","properties":{"專區":"烏石坑","Id":24,"name":"吳天祐","契約樹種":"天然生雜木、杉木、油桐、泡桐、桂竹(成林)、轎篙竹(成林)","林班":"118","事業區":"大安溪","假地號":221,"標示":"118-221-01","area1":1.8027,"伐木作業":"115年實施伐採整地作業","造林作業":"116年實施造林作業","撫育作業":"117年-119年實施撫育作業","契約面積":1.802},"geometry":{"type":"MultiPolygon","coordinates":[[[[245479.3545007787,2687270.0975191663],[245407.377407565,2687217.7885851446],[245415.75310000032,2687238.157299999],[245404.00789999962,2687256.2915000003],[245282.75129999965,2687275.084899999],[245276.5307,2687266.070699999],[245251.34090000018,2687262.6516999993],[245229.58409999963,2687292.4365],[245228.0181,2687319.8433],[245337.22410000023,2687365.3159],[245374.26910000015,2687359.4361000005],[245445.01290000044,2687365.0836999994],[245447.20689999964,2687352.4650999997],[245417.99210000038,2687315.647500001],[245391.07050000038,2687297.4158999994],[245393.0893000001,2687281.6053],[245445.63150000013,2687271.3991],[245465.5680999998,2687280.7563000005],[245479.3545007787,2687270.0975191663]]]]}},{"type":"Feature","properties":{"專區":"烏石坑","Id":9,"name":"張國政","契約樹種":"山櫻花、茄冬、楓香、銀杏","林班":"117","事業區":"大安溪","假地號":75,"標示":"117-075-01","area1":0.0987,"伐木作業":"116年實施伐採整地作業","造林作業":"117年實施造林作業","撫育作業":"118年-119年實施撫育作業","契約面積":0.09856},"geometry":{"type":"MultiPolygon","coordinates":[[[[244496.44665583235,2687865.199665993],[244498.36671919993,2687844.587931809],[244497.87853559744,2687840.4264824516],[244494.1309241063,2687840.727343102],[244488.082493585,2687842.8959281472],[244479.89929897845,2687843.189857609],[244476.9624777491,2687873.7889105007],[244497.38591631842,2687873.8814426893],[244496.44665583235,2687865.199665993]]],[[[244492.87948124495,2687906.6212368524],[244503.6089297514,2687908.0017173328],[244498.1059144289,2687894.7876668],[244492.87948124495,2687906.6212368524]]],[[[244465.66609252163,2687933.694924871],[244472.28166626487,2687928.3049034434],[244480.87893905133,2687921.1222844115],[244480.2192570351,2687918.214085391],[244473.64426834622,2687904.148274405],[244468.50964270782,2687903.254070681],[244466.04188671577,2687911.4549101065],[244462.5188560308,2687928.7516516936],[244465.66609252163,2687933.694924871]]]]}},{"type":"Feature","properties":{"專區":"烏石坑","Id":6,"name":"吳吉雄","契約樹種":"天然生雜木、五葉松、臺灣肖楠、臺灣櫸(33cm,20m, 1)、土肉桂、紅檜、楠木類(50cm,18m,4)、銀杏、馬拉巴栗、黑板樹","林班":"115","事業區":"大安溪","假地號":12,"標示":"115-012-02","area1":1.8007,"伐木作業":"118年實施伐採整地作業","造林作業":"119年實施造林作業","撫育作業":null,"契約面積":1.8},"geometry":{"type":"MultiPolygon","coordinates":[[[[243831.52391930248,2691925.94533434],[243787.9685671358,2691957.0563001735],[243756.49711614742,2691957.863260455],[243712.11430065098,2691999.0182348248],[243636.26003416613,2691980.4581483444],[243682.9046450608,2691917.923615057],[243652.30871967398,2691915.2867307574],[243616.22191928214,2691932.009113453],[243610.40567823307,2691941.1397491284],[243598.95269011433,2691943.4211389166],[243553.7599403714,2691965.2410517223],[243545.37802492955,2691972.444703454],[243518.2080479028,2691995.795338929],[243538.35868861296,2692006.4476692975],[243576.65486514717,2692008.072916006],[243623.21228692896,2692017.074324542],[243657.87249325012,2692018.475339237],[243678.33776135152,2692019.07396617],[243710.00006223522,2692020.000116073],[243759.0001117424,2692011.000055823],[243782.18921630946,2692002.6243945677],[243796.29867208735,2691997.5282071857],[243845.08330577525,2691979.907709376],[243865.40429661504,2691964.761086073],[243892.29092707494,2691942.209146984],[243902.93706866584,2691929.666873398],[243894.49052919526,2691915.263729744],[243882.5687086597,2691922.698486587],[243843.0475160182,2691933.1982619897],[243833.42048154637,2691927.139026646],[243831.52391930248,2691925.94533434]]]]}},{"type":"Feature","properties":{"專區":"烏石坑","Id":23,"name":"吳泓治","契約樹種":"天然生雜木、桂竹","林班":"118","事業區":"大安溪","假地號":187,"標示":"118-187-01","area1":1.3068,"伐木作業":"119年實施伐採整地作業","造林作業":null,"撫育作業":null,"契約面積":1.3008},"geometry":{"type":"MultiPolygon","coordinates":[[[[244637.75044623815,2687457.8475154876],[244693.7258302536,2687598.014154435],[244769.4042999996,2687593.758300001],[244766.8808000004,2687581.8303999994],[244763.30950000044,2687564.9495],[244754.43939999957,2687558.0874000005],[244753.25,2687539.107999999],[244774.90479999967,2687528.6702999994],[244795.54050000012,2687530.1977999993],[244798.5976999998,2687502.9581000004],[244791.71910000034,2687491.2476000004],[244774.90479999967,2687486.1560999993],[244762.16669999994,2687493.793400001],[244748.91899999976,2687485.3923000004],[244739.36670000013,2687485.7499],[244704.87980000023,2687467.2028],[244637.75044623815,2687457.8475154876]]]]}},{"type":"Feature","properties":{"專區":"烏石坑","Id":22,"name":"吳吉雄","契約樹種":"臺灣肖楠、銀杏","林班":"118","事業區":"大安溪","假地號":186,"標示":"118-186-01","area1":0.13,"伐木作業":"118年實施伐採整地作業","造林作業":"119年實施造林作業","撫育作業":null,"契約面積":0.13},"geometry":{"type":"MultiPolygon","coordinates":[[[[244505.75909273364,2687369.609099196],[244488.0308868667,2687363.3272795365],[244471.4097368427,2687372.1861251364],[244476.98266754296,2687387.355301936],[244498.34207555623,2687399.8640565127],[244511.6024995244,2687404.8118712185],[244526.72388987054,2687400.136903666],[244525.08074474303,2687388.8083012328],[244504.52834419126,2687374.6294781584],[244505.75909273364,2687369.609099196]]]]}},{"type":"Feature","properties":{"專區":"烏石坑","Id":21,"name":"吳吉雄","契約樹種":"銀杏、土肉桂","林班":"118","事業區":"大安溪","假地號":185,"標示":"118-185-01","area1":0.7202,"伐木作業":null,"造林作業":null,"撫育作業":null,"契約面積":0.72},"geometry":{"type":"MultiPolygon","coordinates":[[[[244444.0755410667,2687450.9521136116],[244424.88932030796,2687451.1524946964],[244418.363738467,2687434.8148930804],[244422.23832753455,2687423.5827297545],[244434.44007299596,2687397.0237408476],[244431.85347457364,2687394.3204869833],[244420.14888611398,2687366.9515033164],[244394.26226282402,2687364.62569719],[244385.1965410553,2687393.379481453],[244350.1517071354,2687397.5219130698],[244350.01448395048,2687421.245282811],[244354.41128290992,2687421.8683247357],[244377.78972158136,2687424.034697109],[244382.5552676416,2687443.3355176197],[244379.35627656634,2687458.5038627596],[244377.97346485467,2687477.2315328456],[244376.77913340746,2687489.43913312],[244415.76391471442,2687514.4079488576],[244444.0755410667,2687450.9521136116]]]]}},{"type":"Feature","properties":{"專區":"烏石坑","Id":19,"name":"吳吉雄","契約樹種":"銀杏、土肉桂","林班":"118","事業區":"大安溪","假地號":184,"標示":"118-184-01","area1":1.9207,"伐木作業":null,"造林作業":null,"撫育作業":null,"契約面積":1.92},"geometry":{"type":"MultiPolygon","coordinates":[[[[244598.12674519644,2687519.9660001546],[244586.45576593102,2687514.3364689797],[244556.59823550616,2687486.0928591182],[244533.1963873353,2687458.2527293977],[244570.79059436583,2687452.9305807436],[244566.70712219266,2687451.0683953036],[244561.9920452543,2687448.86902144],[244511.62503236445,2687429.2270069523],[244509.30096588135,2687445.6949774805],[244499.99599784607,2687444.2400342827],[244494.55151537416,2687443.022337417],[244485.50200735778,2687455.6940429835],[244471.97303990726,2687441.1590436925],[244467.50096812902,2687435.714997258],[244461.17751470063,2687451.9200008092],[244458.38804159663,2687451.6695013],[244445.2458897353,2687451.0107751796],[244444.0755410667,2687450.9521136116],[244415.76391471442,2687514.4079488576],[244455.17457006004,2687536.2560995594],[244485.36703491776,2687550.1242180127],[244528.84235650147,2687581.2372900057],[244575.72141720026,2687608.1414364143],[244595.70440882142,2687615.891523432],[244611.9852709742,2687595.947234336],[244604.70471423568,2687542.924017708],[244604.2034959897,2687539.2737194425],[244598.12674519644,2687519.9660001546]]]]}},{"type":"Feature","properties":{"專區":"烏石坑","Id":48,"name":"吳天祐","契約樹種":"崩塌地","林班":"118","事業區":"大安溪","假地號":223,"標示":"118-223-02","area1":0.1481,"伐木作業":null,"造林作業":null,"撫育作業":null,"契約面積":0.1481},"geometry":{"type":"MultiPolygon","coordinates":[[[[245717.5846775925,2687542.831081862],[245719.72255048846,2687536.028759011],[245721.9416912633,2687518.2756328126],[245729.00259372863,2687510.8112502065],[245718.9155902067,2687497.092925417],[245708.62684661435,2687486.198961613],[245697.53114274025,2687479.339799218],[245678.73654270137,2687478.40783558],[245671.52259589665,2687486.4968147296],[245690.4702402749,2687490.838983233],[245697.73288281067,2687501.9346871073],[245698.338103022,2687513.837351263],[245702.17116436033,2687532.5991778136],[245701.393719103,2687537.100176672],[245717.5846775925,2687542.831081862]]]]}},{"type":"Feature","properties":{"專區":"烏石坑","Id":49,"name":"吳天祐","契約樹種":"天然生雜木、杉木、油桐、泡桐、桂竹(成林)、轎篙竹(成林)","林班":"118","事業區":"大安溪","假地號":223,"標示":"118-223-03","area1":1.4839,"伐木作業":"118年實施伐採整地作業","造林作業":"119年實施造林作業","撫育作業":null,"契約面積":1.4839},"geometry":{"type":"MultiPolygon","coordinates":[[[[245678.73654270137,2687478.40783558],[245697.53114274025,2687479.339799218],[245708.62684661435,2687486.198961613],[245718.9155902067,2687497.092925417],[245729.00259372863,2687510.8112502065],[245721.9416912633,2687518.2756328126],[245719.72255048846,2687536.028759011],[245717.5846775925,2687542.831081862],[245727.79669999983,2687546.445699999],[245792.25150000025,2687553.8740999997],[245883.89070000034,2687557.7448999994],[245887.65110000037,2687557.9036999997],[245809.07909999974,2687445.0469000004],[245779.04650000017,2687431.2147000004],[245755.1797000002,2687447.5900999997],[245703.51350000035,2687450.625499999],[245678.73654270137,2687478.40783558]]]]}},{"type":"Feature","properties":{"專區":"烏石坑","Id":52,"name":"吳天祐","契約樹種":"天然生雜木、杉木、油桐、泡桐、桂竹(成林)、轎篙竹(成林)","林班":"118","事業區":"大安溪","假地號":225,"標示":"118-225-02","area1":1.6404,"伐木作業":"118年實施伐採整地作業","造林作業":"119年實施造林作業","撫育作業":null,"契約面積":0.64},"geometry":{"type":"MultiPolygon","coordinates":[[[[246018.84643300256,2687612.7550237514],[246151.44721493806,2687593.0949709094],[246139.7708999999,2687582.9838999994],[246096.0412999997,2687546.6805000007],[246061.51769999973,2687531.0041000005],[245983.46729999967,2687475.3302999996],[245967.21810000017,2687464.0165],[245927.40029999986,2687448.714299999],[245888.15847113772,2687447.497988103],[246018.84643300256,2687612.7550237514]]]]}},{"type":"Feature","properties":{"專區":"烏石坑","Id":53,"name":"吳天祐","契約樹種":"天然生雜木、杉木、油桐、泡桐、桂竹(成林)、轎篙竹(成林)","林班":"118","事業區":"大安溪","假地號":225,"標示":"118-225-03","area1":1.5558,"伐木作業":"118年實施伐採整地作業","造林作業":"119年實施造林作業","撫育作業":null,"契約面積":1.5555},"geometry":{"type":"MultiPolygon","coordinates":[[[[246018.84643300256,2687612.7550237514],[245932.92475265564,2687625.4942003326],[245937.32809999958,2687632.0681],[245958.01669999957,2687670.5555000007],[245937.82629999984,2687719.7949],[245923.9863,2687778.9244999997],[245934.0800999999,2687781.5200999994],[245957.07010000013,2687765.5200999994],[245969.57010000013,2687758.450099999],[245986.07010000013,2687750.950099999],[246000.57010000013,2687743.450099999],[246016.07010000013,2687737.450099999],[246036.59009999968,2687732.2700999994],[246053.09009999968,2687726.2700999994],[246068.09009999968,2687721.2700999994],[246098.62948804695,2687713.6419836786],[246018.84643300256,2687612.7550237514]]]]}},{"type":"Feature","properties":{"專區":"烏石坑","Id":54,"name":"吳天祐","契約樹種":"天然生雜木、杉木、油桐、泡桐、桂竹(成林)、轎篙竹(成林)","林班":"118","事業區":"大安溪","假地號":225,"標示":"118-225-04","area1":1.7234,"伐木作業":"119年實施伐採整地作業","造林作業":null,"撫育作業":null,"契約面積":1.7231},"geometry":{"type":"MultiPolygon","coordinates":[[[[246151.44721493806,2687593.0949709094],[246018.84643300256,2687612.7550237514],[246098.62948804695,2687713.6419836786],[246102.12009999994,2687712.7700999994],[246116.63009999972,2687708.6401000004],[246129.63009999972,2687706.6401000004],[246153.63009999972,2687702.0200999994],[246175.13009999972,2687697.5200999994],[246215.16009999998,2687689.450099999],[246234.17009999976,2687686.450099999],[246256.69010000024,2687682.8301],[246271.74909999967,2687680.7697],[246242.09090000018,2687655.1739000008],[246227.28949999996,2687626.7797],[246192.06070000026,2687628.2641000003],[246151.44721493806,2687593.0949709094]]]]}},{"type":"Feature","properties":{"專區":"烏石坑","Id":25,"name":"吳天祐","契約樹種":"天然生雜木、杉木、油桐、泡桐、桂竹(成林)、轎篙竹(成林)","林班":"118","事業區":"大安溪","假地號":221,"標示":"118-221-02","area1":1.8981,"伐木作業":"117年實施伐採整地作業","造林作業":"118年實施造林作業","撫育作業":"119年實施撫育作業","契約面積":1.898},"geometry":{"type":"MultiPolygon","coordinates":[[[[245407.377407565,2687217.7885851446],[245479.3545007787,2687270.0975191663],[245533.41089999955,2687228.3045000006],[245589.58629999962,2687228.599300001],[245633.38690000027,2687219.8891000003],[245639.73149999976,2687192.8549000006],[245665.24069999997,2687169.9879],[245679.8295,2687121.9273000006],[245654.8103,2687092.084899999],[245620.4989,2687125.667300001],[245494.71949999966,2687185.689099999],[245469.2893000003,2687179.2534999996],[245405.78330000024,2687213.9119000006],[245407.377407565,2687217.7885851446]]]]}},{"type":"Feature","properties":{"專區":"烏石坑","Id":57,"name":"吳天祐","契約樹種":"天然生雜木、杉木、油桐、泡桐、桂竹(成林)、轎篙竹(成林)","林班":"118","事業區":"大安溪","假地號":226,"標示":"118-226-03","area1":1.9674,"伐木作業":"116年實施伐採整地作業","造林作業":"117年實施造林作業","撫育作業":"118年-119年實施撫育作業","契約面積":1.6185},"geometry":{"type":"MultiPolygon","coordinates":[[[[246217.98940572538,2687160.2256935057],[246275.24270809084,2687237.517651699],[246320.04009999987,2687234.6169000007],[246360.55009999964,2687175.4869],[246421.09009999968,2687082.4869],[246398.64010000043,2687078.6269000005],[246364.43149999995,2687078.7876999993],[246355.92569999956,2687073.9926999994],[246343.49569999985,2687076.2289000005],[246303.5455,2687086.3221000005],[246228.81790000014,2687116.4694999997],[246217.98940572538,2687160.2256935057]]]]}},{"type":"Feature","properties":{"專區":"烏石坑","Id":44,"name":"吳天祐","契約樹種":"天然生雜木、杉木、油桐、泡桐、桂竹(成林)、轎篙竹(成林)","林班":"118","事業區":"大安溪","假地號":222,"標示":"118-222-19","area1":1.9025,"伐木作業":"119年實施伐採整地作業","造林作業":null,"撫育作業":null,"契約面積":1.9021},"geometry":{"type":"MultiPolygon","coordinates":[[[[245585.78369598964,2687030.2799159097],[245588.17740886,2686828.0111783654],[245570.06790000014,2686833.1807000004],[245537.6297000004,2686821.4133],[245505.0652999999,2686790.1371],[245486.7433000002,2686789.2688999996],[245503.10709999967,2686819.6129],[245523.71169999987,2686848.0111],[245511.3844999997,2686871.8138999995],[245481.3986999998,2686905.146299999],[245441.18591852178,2686908.6441348805],[245506.42572786333,2687006.9766011345],[245506.85890000034,2687007.1491],[245558.3387000002,2687007.6271],[245585.50189999957,2687030.1438999996],[245585.78369598964,2687030.2799159097]]]]}},{"type":"Feature","properties":{"專區":"烏石坑","Id":26,"name":"吳天祐","契約樹種":"天然生雜木、杉木、油桐、泡桐、桂竹(成林)、轎篙竹(成林)","林班":"118","事業區":"大安溪","假地號":222,"標示":"118-222-01","area1":1.8879,"伐木作業":"118年實施伐採整地作業","造林作業":"119年實施造林作業","撫育作業":null,"契約面積":1.8875},"geometry":{"type":"MultiPolygon","coordinates":[[[[245671.839793766,2687354.619448657],[245634.09764824173,2687216.8606174937],[245633.38690000027,2687219.8891000003],[245589.58629999962,2687228.599300001],[245533.41089999955,2687228.3045000006],[245465.5680999998,2687280.7563000005],[245445.63150000013,2687271.3991],[245393.0893000001,2687281.6053],[245391.07050000038,2687297.4158999994],[245417.99210000038,2687315.647500001],[245516.87829999998,2687323.556500001],[245559.53729999997,2687312.6601],[245646.72649999987,2687335.6161],[245671.839793766,2687354.619448657]]]]}},{"type":"Feature","properties":{"專區":"烏石坑","Id":45,"name":"吳天祐","契約樹種":"天然生雜木、杉木、油桐、泡桐、桂竹(成林)、轎篙竹(成林)","林班":"118","事業區":"大安溪","假地號":222,"標示":"118-222-20","area1":1.789,"伐木作業":"118年實施伐採整地作業","造林作業":"119年實施造林作業","撫育作業":null,"契約面積":1.7887},"geometry":{"type":"MultiPolygon","coordinates":[[[[245730.81912186256,2686893.9455337375],[245672.05145193267,2686704.8669435284],[245668.25629999954,2686716.6482999995],[245643.14250000007,2686783.2419000007],[245620.47750000004,2686769.065300001],[245607.97970000003,2686778.227499999],[245615.26190000027,2686795.7656999994],[245598.3794999998,2686825.0988999996],[245588.17740886,2686828.0111783654],[245586.9842978052,2686928.829062496],[245730.81912186256,2686893.9455337375]]]]}},{"type":"Feature","properties":{"專區":"烏石坑","Id":56,"name":"吳天祐","契約樹種":"天然生雜木、杉木、油桐、泡桐、桂竹(成林)、轎篙竹(成林)","林班":"118","事業區":"大安溪","假地號":226,"標示":"118-226-02","area1":0.378,"伐木作業":"118年實施伐採整地作業","造林作業":"119年實施造林作業","撫育作業":null,"契約面積":0.311},"geometry":{"type":"MultiPolygon","coordinates":[[[[246176.68382926678,2687230.976262412],[246179.90754859181,2687244.315790653],[246255.95010000002,2687238.766899999],[246275.24270809084,2687237.517651699],[246217.98940572538,2687160.2256935057],[246207.93549999967,2687200.8519],[246176.68382926678,2687230.976262412]]]]}},{"type":"Feature","properties":{"專區":"烏石坑","Id":29,"name":"吳天祐","契約樹種":"天然生雜木、杉木、油桐、泡桐、桂竹(成林)、轎篙竹(成林)","林班":"118","事業區":"大安溪","假地號":222,"標示":"118-222-04","area1":0.8534,"伐木作業":"116年實施伐採整地作業","造林作業":"117年實施造林作業","撫育作業":"118年-119年實施撫育作業","契約面積":0.8532},"geometry":{"type":"MultiPolygon","coordinates":[[[[245740.31023558366,2687252.337612834],[245676.11329179865,2687134.1697871056],[245665.24069999997,2687169.9879],[245639.73149999976,2687192.8549000006],[245634.09764824173,2687216.8606174937],[245653.72481080017,2687288.4997608317],[245740.31023558366,2687252.337612834]]]]}},{"type":"Feature","properties":{"專區":"烏石坑","Id":38,"name":"吳天祐","契約樹種":"天然生雜木、杉木、油桐、泡桐、桂竹(成林)、轎篙竹(成林)","林班":"118","事業區":"大安溪","假地號":222,"標示":"118-222-13","area1":1.8884,"伐木作業":"115年實施伐採整地作業","造林作業":"116年實施造林作業","撫育作業":"117年-119年實施撫育作業","契約面積":1.8881},"geometry":{"type":"MultiPolygon","coordinates":[[[[246107.6678171566,2686944.54671428],[246107.4796536467,2686944.614156398],[246176.68382926678,2687230.976262412],[246207.93549999967,2687200.8519],[246228.81790000014,2687116.4694999997],[246303.5455,2687086.3221000005],[246343.49569999985,2687076.2289000005],[246355.92569999956,2687073.9926999994],[246237.24409999978,2687052.1413000003],[246224.99010000005,2687048.8201],[246210.97009999957,2687044.4400999993],[246199.95010000002,2687038.4400999993],[246189.93010000046,2687034.4400999993],[246180.9001000002,2687030.9400999993],[246172.38009999972,2687021.9400999993],[246163.86010000017,2687012.9400999993],[246153.3300999999,2687001.0100999996],[246145.75600000005,2686990.6303000003],[246142.29009999987,2686985.5100999996],[246128.75009999983,2686969.0100999996],[246116.2100999998,2686954.0100999996],[246107.6678171566,2686944.54671428]]]]}},{"type":"Feature","properties":{"專區":"烏石坑","Id":42,"name":"吳天祐","契約樹種":"天然生雜木、杉木、油桐、泡桐、桂竹(成林)、轎篙竹(成林)","林班":"118","事業區":"大安溪","假地號":222,"標示":"118-222-17","area1":1.9136,"伐木作業":"117年實施伐採整地作業","造林作業":"118年實施造林作業","撫育作業":"119年實施撫育作業","契約面積":1.9132},"geometry":{"type":"MultiPolygon","coordinates":[[[[245706.7607571416,2687088.241001024],[245709.33333712976,2686899.1563718957],[245586.9842978052,2686928.829062496],[245585.78369598964,2687030.2799159097],[245610.77190000005,2687042.3411],[245623.34090000018,2687062.7907],[245644.9380999999,2687077.9009000007],[245654.50456779305,2687091.6456356384],[245706.40770583955,2687088.367542709],[245706.7607571416,2687088.241001024]]]]}},{"type":"Feature","properties":{"專區":"烏石坑","Id":46,"name":"吳天祐","契約樹種":"天然生雜木、杉木、油桐、泡桐、桂竹(成林)、轎篙竹(成林)","林班":"118","事業區":"大安溪","假地號":222,"標示":"118-222-21","area1":1.6623,"伐木作業":"117年實施伐採整地作業","造林作業":"118年實施造林作業","撫育作業":"119年實施撫育作業","契約面積":1.662},"geometry":{"type":"MultiPolygon","coordinates":[[[[245924.2141124064,2686847.0424297187],[245924.34327461387,2686845.1179128275],[245920.50430000015,2686844.0383],[245878.91229999997,2686835.7785],[245874.28000000026,2686834.9399999995],[245866.4023000002,2686833.2785],[245845.00310000032,2686830.0063000005],[245838.05310000014,2686822.8465],[245808.92310000025,2686810.4463],[245747.50310000032,2686763.3762999997],[245737.17310000025,2686752.4564999994],[245739.45309999958,2686741.7665],[245738.86309999973,2686737.4165000003],[245727.64790000021,2686729.6279000007],[245698.43310000002,2686713.5165],[245672.89790000021,2686702.2392999995],[245672.05145193267,2686704.8669435284],[245730.81912186256,2686893.9455337375],[245924.2141124064,2686847.0424297187]]]]}},{"type":"Feature","properties":{"專區":"烏石坑","Id":41,"name":"吳天祐","契約樹種":"天然生雜木、杉木、油桐、泡桐、桂竹(成林)、轎篙竹(成林)","林班":"118","事業區":"大安溪","假地號":222,"標示":"118-222-16","area1":1.8396,"伐木作業":"116年實施伐採整地作業","造林作業":"117年實施造林作業","撫育作業":"118年-119年實施撫育作業","契約面積":1.8393},"geometry":{"type":"MultiPolygon","coordinates":[[[[245808.20787017024,2687051.880028612],[245809.4813381007,2686874.867986278],[245709.33333712976,2686899.1563718957],[245706.7607571416,2687088.241001024],[245808.20787017024,2687051.880028612]]]]}},{"type":"Feature","properties":{"專區":"烏石坑","Id":40,"name":"吳天祐","契約樹種":"天然生雜木、杉木、油桐、泡桐、桂竹(成林)、轎篙竹(成林)","林班":"118","事業區":"大安溪","假地號":222,"標示":"118-222-15","area1":1.8694,"伐木作業":"119年實施伐採整地作業","造林作業":null,"撫育作業":null,"契約面積":1.8691},"geometry":{"type":"MultiPolygon","coordinates":[[[[245912.98711137916,2687014.3247450246],[245924.2141124064,2686847.0424297187],[245809.4813381007,2686874.867986278],[245808.20787017024,2687051.880028612],[245912.98711137916,2687014.3247450246]]]]}},{"type":"Feature","properties":{"專區":"烏石坑","Id":39,"name":"吳天祐","契約樹種":"天然生雜木、杉木、油桐、泡桐、桂竹(成林)、轎篙竹(成林)","林班":"118","事業區":"大安溪","假地號":222,"標示":"118-222-14","area1":1.7449,"伐木作業":"116年實施伐採整地作業","造林作業":"117年實施造林作業","撫育作業":"118年-119年實施撫育作業","契約面積":1.7446},"geometry":{"type":"MultiPolygon","coordinates":[[[[245924.2141124064,2686847.0424297187],[245912.98711137916,2687014.3247450246],[246107.4796536467,2686944.614156398],[246107.38860225238,2686944.237392008],[246102.67009999976,2686939.0100999996],[246088.14010000043,2686926.6301000006],[246074.1001000004,2686917.1301000006],[246051.56010000035,2686905.7600999996],[246031.5201000003,2686893.7600999996],[246006.48010000028,2686880.3201],[245987.94010000024,2686871.3201],[245971.41009999998,2686861.4400999993],[245950.38009999972,2686852.4400999993],[245927.9579663223,2686846.1344518587],[245924.2141124064,2686847.0424297187]]]]}},{"type":"Feature","properties":{"專區":"烏石坑","Id":27,"name":"吳天祐","契約樹種":"天然生雜木、杉木、油桐、泡桐、桂竹(成林)、轎篙竹(成林)","林班":"118","事業區":"大安溪","假地號":222,"標示":"118-222-02","area1":1.7947,"伐木作業":"117年實施伐採整地作業","造林作業":"118年實施造林作業","撫育作業":"119年實施撫育作業","契約面積":1.7944},"geometry":{"type":"MultiPolygon","coordinates":[[[[245844.89880897058,2687392.548956994],[245740.1352529904,2687252.410693799],[245653.72481080017,2687288.4997608317],[245671.839793766,2687354.619448657],[245732.68049999978,2687400.6579],[245776.66183278844,2687429.643121709],[245776.7141203876,2687429.207391716],[245844.89880897058,2687392.548956994]]]]}},{"type":"Feature","properties":{"專區":"烏石坑","Id":37,"name":"吳天祐","契約樹種":"天然生雜木、杉木、油桐、泡桐、桂竹(成林)、轎篙竹(成林)","林班":"118","事業區":"大安溪","假地號":222,"標示":"118-222-12","area1":1.8496,"伐木作業":"118年實施伐採整地作業","造林作業":"119年實施造林作業","撫育作業":null,"契約面積":1.8493},"geometry":{"type":"MultiPolygon","coordinates":[[[[245986.79816768755,2686987.869169287],[246026.23050855641,2687132.923851769],[246141.36695087448,2687084.8374552713],[246107.4796536467,2686944.614156398],[245986.79816768755,2686987.869169287]]]]}},{"type":"Feature","properties":{"專區":"烏石坑","Id":36,"name":"吳天祐","契約樹種":"天然生雜木、杉木、油桐、泡桐、桂竹(成林)、轎篙竹(成林)","林班":"118","事業區":"大安溪","假地號":222,"標示":"118-222-11","area1":1.5628,"伐木作業":"117年實施伐採整地作業","造林作業":"118年實施造林作業","撫育作業":"119年實施撫育作業","契約面積":1.5625},"geometry":{"type":"MultiPolygon","coordinates":[[[[246025.23269287607,2687133.340586553],[246075.18855460107,2687256.618761455],[246075.52354770357,2687257.3724959358],[246108.51329999976,2687233.4806999993],[246173.0053000003,2687234.5220999997],[246176.68382926678,2687230.976262412],[246141.36695087448,2687084.8374552713],[246025.23269287607,2687133.340586553]]]]}},{"type":"Feature","properties":{"專區":"烏石坑","Id":34,"name":"吳天祐","契約樹種":"天然生雜木、杉木、油桐、泡桐、桂竹(成林)、轎篙竹(成林)","林班":"118","事業區":"大安溪","假地號":222,"標示":"118-222-09","area1":1.8238,"伐木作業":"115年實施伐採整地作業","造林作業":"116年實施造林作業","撫育作業":"117年-119年實施撫育作業","契約面積":1.8235},"geometry":{"type":"MultiPolygon","coordinates":[[[[245915.28686732022,2687179.2591372263],[246012.35814348323,2687341.4878453338],[246023.88410000037,2687337.9760999996],[246036.2770999996,2687319.0469000004],[246071.7600999996,2687297.946900001],[246075.1325000003,2687257.6557],[246075.52354770357,2687257.3724959358],[246075.18855460107,2687256.618761455],[246025.23269287607,2687133.340586553],[245915.28686732022,2687179.2591372263]]]]}},{"type":"Feature","properties":{"專區":"烏石坑","Id":35,"name":"吳天祐","契約樹種":"天然生雜木、杉木、油桐、泡桐、桂竹(成林)、轎篙竹(成林)","林班":"118","事業區":"大安溪","假地號":222,"標示":"118-222-10","area1":1.9424,"伐木作業":"117年實施伐採整地作業","造林作業":"118年實施造林作業","撫育作業":"119年實施撫育作業","契約面積":1.942},"geometry":{"type":"MultiPolygon","coordinates":[[[[245860.8066886184,2687033.0274055125],[245915.0695118646,2687179.3499150933],[246026.23050855641,2687132.923851769],[245986.79816768755,2686987.869169287],[245860.8066886184,2687033.0274055125]]]]}},{"type":"Feature","properties":{"專區":"烏石坑","Id":31,"name":"吳天祐","契約樹種":"天然生雜木、杉木、油桐、泡桐、桂竹(成林)、轎篙竹(成林)","林班":"118","事業區":"大安溪","假地號":222,"標示":"118-222-06","area1":1.6819,"伐木作業":"119年實施伐採整地作業","造林作業":null,"撫育作業":null,"契約面積":1.6816},"geometry":{"type":"MultiPolygon","coordinates":[[[[245830.77925775232,2687214.553491811],[245759.9221044721,2687069.186754669],[245706.40770583955,2687088.367542709],[245654.50456779305,2687091.6456356384],[245654.8103,2687092.084899999],[245679.8295,2687121.9273000006],[245676.11329179865,2687134.1697871056],[245740.31023558366,2687252.337612834],[245830.77925775232,2687214.553491811]]]]}},{"type":"Feature","properties":{"專區":"烏石坑","Id":33,"name":"吳天祐","契約樹種":"天然生雜木、杉木、油桐、泡桐、桂竹(成林)、轎篙竹(成林)","林班":"118","事業區":"大安溪","假地號":222,"標示":"118-222-08","area1":1.8084,"伐木作業":"117年實施伐採整地作業","造林作業":"118年實施造林作業","撫育作業":"119年實施撫育作業","契約面積":1.8081},"geometry":{"type":"MultiPolygon","coordinates":[[[[245830.77925775235,2687214.553491811],[245830.78045926508,2687214.5559567697],[245830.83186460155,2687215.5840634992],[245923.5808916667,2687388.8593776287],[245946.1224349376,2687404.6780044856],[245946.93350000028,2687402.770300001],[245944.99949999992,2687355.5569],[245965.20330000017,2687344.6929],[245983.22589999996,2687350.3639],[246012.35814348323,2687341.4878453338],[245915.28686732022,2687179.2591372263],[245830.77925775235,2687214.553491811]]]]}},{"type":"Feature","properties":{"專區":"烏石坑","Id":32,"name":"吳天祐","契約樹種":"天然生雜木、杉木、油桐、泡桐、桂竹(成林)、轎篙竹(成林)","林班":"118","事業區":"大安溪","假地號":222,"標示":"118-222-07","area1":1.5739,"伐木作業":"118年實施伐採整地作業","造林作業":"119年實施造林作業","撫育作業":null,"契約面積":1.5736},"geometry":{"type":"MultiPolygon","coordinates":[[[[245759.9221044721,2687069.186754669],[245830.77925775232,2687214.553491811],[245915.0695118646,2687179.3499150933],[245860.8066886184,2687033.0274055125],[245759.9221044721,2687069.186754669]]]]}},{"type":"Feature","properties":{"專區":"烏石坑","Id":28,"name":"吳天祐","契約樹種":"天然生雜木、杉木、油桐、泡桐、桂竹(成林)、轎篙竹(成林)","林班":"118","事業區":"大安溪","假地號":222,"標示":"118-222-03","area1":0.8536,"伐木作業":"116年實施伐採整地作業","造林作業":"117年實施造林作業","撫育作業":"118年-119年實施撫育作業","契約面積":0.8534},"geometry":{"type":"MultiPolygon","coordinates":[[[[245907.53143215997,2687358.8755036662],[245776.7141203876,2687429.207391716],[245776.66183278844,2687429.643121709],[245779.04650000017,2687431.2147000004],[245809.07909999974,2687445.0469000004],[245927.40029999986,2687448.714299999],[245946.1224349376,2687404.6780044856],[245923.5808916667,2687388.8593776287],[245907.53143215997,2687358.8755036662]]]]}},{"type":"Feature","properties":{"專區":"烏石坑","Id":30,"name":"吳天祐","契約樹種":"天然生雜木、杉木、油桐、泡桐、桂竹(成林)、轎篙竹(成林)","林班":"118","事業區":"大安溪","假地號":222,"標示":"118-222-05","area1":1.4113,"伐木作業":"115年實施伐採整地作業","造林作業":"116年實施造林作業","撫育作業":"117年-119年實施撫育作業","契約面積":1.411},"geometry":{"type":"MultiPolygon","coordinates":[[[[245740.1352529904,2687252.410693799],[245844.89880897058,2687392.548956994],[245907.53143215997,2687358.8755036662],[245830.37140731607,2687214.723829346],[245740.1352529904,2687252.410693799]]]]}},{"type":"Feature","properties":{"專區":"烏石坑","Id":2,"name":"吳吉雄","契約樹種":"杉木(50)、油桐(150)、麻竹(16)、楠木類(1890)、台灣肖楠(120)、台灣櫸(350)、柿子(110)","林班":"115","事業區":"大安溪","假地號":11,"標示":"115-011-01","area1":1.4538,"伐木作業":"117年實施伐採整地作業","造林作業":"118年實施造林作業","撫育作業":"119年實施撫育作業","契約面積":1.4535},"geometry":{"type":"MultiPolygon","coordinates":[[[[243408.75720966412,2691860.686547637],[243435.48403019065,2691836.1151158623],[243424.0751738004,2691797.533985742],[243415.29021713012,2691788.81187369],[243391.05818245272,2691784.9554665727],[243366.14289929924,2691775.567043306],[243353.01832895426,2691746.812817518],[243368.65235815023,2691679.079767152],[243335.30352784644,2691659.8358885325],[243285.22637714542,2691657.00155503],[243257.93089206974,2691691.8593392195],[243236.09427802992,2691710.0460101017],[243265.67226130227,2691741.04148992],[243267.41039746386,2691742.862924594],[243290.88103357563,2691737.5631035366],[243326.38728597277,2691769.034554525],[243368.34922062396,2691821.4869728386],[243381.26058513203,2691848.1166621367],[243408.75720966412,2691860.686547637]]]]}},{"type":"Feature","properties":{"專區":"烏石坑","Id":4,"name":"吳吉雄","契約樹種":"杉木(50)、油桐(150)、麻竹(16)、楠木類(1890)、台灣肖楠(120)、台灣櫸(350)、柿子(110)","林班":"115","事業區":"大安溪","假地號":11,"標示":"115-011-03","area1":1.1654,"伐木作業":"115年實施伐採整地作業","造林作業":"116年實施造林作業","撫育作業":"117年-119年實施撫育作業","契約面積":1.1652},"geometry":{"type":"MultiPolygon","coordinates":[[[[243435.48403019065,2691836.1151158623],[243408.75720966412,2691860.686547637],[243409.5041949934,2691861.0280266446],[243438.55476513653,2691869.0976294624],[243439.36172541828,2691885.2368350974],[243432.0990828825,2691918.322206649],[243436.13388429125,2691946.5658165105],[243406.2763538664,2691930.4266108754],[243371.25372097373,2691959.919354364],[243393.36863794338,2691988.192965224],[243419.7798014377,2691992.797265599],[243457.026859177,2691981.948850426],[243468.83096125457,2691988.332735622],[243493.99999989287,2691978.999976592],[243518.2080479028,2691995.795338929],[243553.7599403714,2691965.2410517223],[243536.36596305194,2691952.3600425334],[243491.92149185666,2691947.4574547634],[243478.45872368055,2691904.2161878007],[243489.2676060091,2691879.5960169523],[243436.56930383848,2691837.4672591984],[243435.67167272273,2691836.7496633315],[243435.48403019065,2691836.1151158623]]]]}},{"type":"Feature","properties":{"專區":"烏石坑","Id":5,"name":"吳吉雄","契約樹種":"天然生雜木、五葉松、臺灣肖楠、臺灣櫸(33cm,20m, 1)、土肉桂、紅檜、楠木類(50cm,18m,4)、銀杏、馬拉巴栗、黑板樹","林班":"115","事業區":"大安溪","假地號":12,"標示":"115-012-01","area1":1.0079,"伐木作業":"115年實施伐採整地作業","造林作業":"116年實施造林作業","撫育作業":"117年-119年實施撫育作業","契約面積":1.008},"geometry":{"type":"MultiPolygon","coordinates":[[[[243682.9046450608,2691917.923615057],[243636.26003416613,2691980.4581483444],[243712.11430065098,2691999.0182348248],[243756.49711614742,2691957.863260455],[243787.9685671358,2691957.0563001735],[243831.52391930248,2691925.94533434],[243815.00465953606,2691915.5481468244],[243773.92125586115,2691910.2645123475],[243729.0610628244,2691902.1258978727],[243699.0353397945,2691908.588088437],[243685.29628575876,2691917.332672845],[243684.19332851013,2691918.0346791646],[243682.9046450608,2691917.923615057]]]]}},{"type":"Feature","properties":{"專區":"烏石坑","Id":20,"name":"吳吉雄","契約樹種":"銀杏、土肉桂","林班":"118","事業區":"大安溪","假地號":184,"標示":"118-184-02","area1":0.2404,"伐木作業":null,"造林作業":null,"撫育作業":null,"契約面積":0.24},"geometry":{"type":"MultiPolygon","coordinates":[[[[244570.79059436583,2687452.9305807436],[244533.1963873353,2687458.2527293977],[244556.59823550616,2687486.0928591182],[244586.45576593102,2687514.3364689797],[244598.12674519644,2687519.9660001546],[244586.70484355083,2687483.675081174],[244594.88019096505,2687480.1209307727],[244599.08606773542,2687467.8264420177],[244602.40879537584,2687459.319926728],[244601.50498527414,2687446.553289042],[244571.55740337126,2687453.280268584],[244570.79059436583,2687452.9305807436]]]]}},{"type":"Feature","properties":{"專區":"烏石坑","Id":59,"name":"吳天祐","契約樹種":"天然生雜木、杉木、油桐、泡桐、桂竹(成林)、轎篙竹(成林)","林班":"118","事業區":"大安溪","假地號":227,"標示":"118-227-02","area1":1.5513,"伐木作業":"115年實施伐採整地作業","造林作業":"116年實施造林作業","撫育作業":"117年-119年實施撫育作業","契約面積":1.551},"geometry":{"type":"MultiPolygon","coordinates":[[[[245682.4564201992,2687362.6531002983],[245550.12910605402,2687450.6844067425],[245585.4288999997,2687477.5143],[245625.4140999997,2687509.7531000003],[245670.64549999963,2687487.4803],[245703.51350000035,2687450.625499999],[245755.1797000002,2687447.5900999997],[245776.2423681307,2687433.1386605236],[245776.66183278844,2687429.643121709],[245732.68049999978,2687400.6579],[245682.4564201992,2687362.6531002983]]]]}},{"type":"Feature","properties":{"專區":"烏石坑","Id":12,"name":"張芝苒","契約樹種":"甜柿","林班":"117","事業區":"大安溪","假地號":107,"標示":"117-107-01","area1":0.6119,"伐木作業":null,"造林作業":null,"撫育作業":null,"契約面積":0.6118},"geometry":{"type":"MultiPolygon","coordinates":[[[[244361.54444465452,2688277.0527876974],[244356.1165349768,2688277.0527876974],[244333.5319429967,2688273.288689034],[244315.39583125507,2688265.7604917074],[244301.3660089644,2688245.5712352404],[244300.49876260568,2688232.0421920447],[244295.94429999962,2688236.9102999996],[244271.37569999974,2688248.7685000002],[244257.94290000014,2688279.909499999],[244306.98029999994,2688319.0187],[244316.32710000034,2688326.3191],[244336.00150000025,2688329.3365],[244345.27109999955,2688330.7227],[244351.36589999963,2688330.6350999996],[244364.42150000017,2688329.7387000006],[244367.39769999962,2688329.5342999995],[244371.2319,2688329.2709],[244377.15309999976,2688304.2631],[244363.05209999997,2688281.636499999],[244361.54444465452,2688277.0527876974]]]]}}]}